,Player,Restricted Area Percentage,2FGM %AST,Interior scoring %,Low Dribble %,Drive vs Pullup Ratio,Drive Pass %,Avg Dribble Per Touch,role
0,Aaron Gordon,79.03225806451614,62.8,54.66666666666667,68.46846846846847,1.6666666666666665,32.8,1.89,1.89
1,Aaron Henry,50.0,100.0,133.33333333333334,62.5,0.6666666666666667,0.0,1.0,1.0
2,Aaron Holiday,43.333333333333336,34.8,50.793650793650805,33.33333333333333,4.0,44.6,4.32,4.32
3,Aaron Nesmith,70.0,80.5,31.57894736842105,80.0,2.166666666666667,34.3,0.99,0.99
4,Aaron Wiggins,56.41025641025641,56.1,53.01204819277109,64.17910447761194,10.249999999999998,38.4,1.47,1.47
5,Abdel Nader,60.0,50.0,50.0,48.00000000000001,10.5,31.0,1.14,1.14
6,Ade Murkey,,0.0,,,,0.0,0.0,0.0
7,Admiral Schofield,53.846153846153854,71.4,36.84210526315789,85.29411764705883,5.999999999999999,29.5,0.63,0.63
8,Ahmad Caver,100.0,100.0,100.0,,,0.0,4.5,4.5
9,Al Horford,51.42857142857144,67.8,43.137254901960794,85.3658536585366,4.0,44.6,0.64,0.64
10,Alec Burks,48.387096774193544,43.0,20.51282051282051,48.88888888888889,1.7714285714285716,37.3,3.06,3.06
11,Aleem Ford,60.0,75.0,57.14285714285715,85.00000000000001,inf,16.7,0.6,0.6
12,Aleksej Pokusevski,54.05405405405405,53.5,50.0,69.33333333333334,2.785714285714286,51.3,1.41,1.41
13,Alex Caruso,70.37037037037037,56.7,35.13513513513514,62.903225806451616,3.0769230769230766,51.2,2.67,2.67
14,Alex Len,56.41025641025641,77.3,73.33333333333334,91.11111111111111,2.9999999999999996,0.0,0.48,0.48
15,Alfonzo McKinnie,80.0,73.3,40.0,83.33333333333333,1.5,12.5,0.74,0.74
16,Alize Johnson,64.70588235294117,52.9,88.8888888888889,76.47058823529413,inf,25.0,0.87,0.87
17,Alperen Sengun,70.37037037037037,43.6,62.5,61.64383561643836,6.8,27.2,1.03,1.03
18,Amir Coffey,57.692307692307686,59.1,35.55555555555556,61.76470588235294,2.3846153846153846,33.0,1.66,1.66
19,Andre Drummond,80.70175438596492,59.1,83.54430379746834,84.7457627118644,10.0,21.4,0.67,0.67
20,Andre Iguodala,76.92307692307692,62.1,44.99999999999999,79.48717948717949,1.6,65.2,1.74,1.74
21,Andrew Wiggins,50.0,49.7,40.69767441860465,55.714285714285715,1.7692307692307694,38.9,2.15,2.15
22,Anfernee Simons,50.0,19.5,23.121387283236995,39.285714285714285,1.0857142857142856,36.1,4.62,4.62
23,Anthony Davis,70.37037037037037,64.7,62.06896551724138,79.31034482758622,0.6923076923076924,21.5,0.99,0.99
24,Anthony Edwards,76.0,36.5,39.43661971830986,36.41618497109826,1.5882352941176472,34.4,3.6,3.6
25,Anthony Gill,50.0,77.1,53.658536585365866,80.0,inf,27.5,0.7,0.7
26,Anthony Lamb,,0.0,,,,0.0,1.77,1.77
27,Armoni Brooks,71.42857142857143,66.7,15.094339622641511,72.22222222222221,0.6842105263157895,52.9,1.56,1.56
28,Arnoldas Kulboka,,0.0,,,,0.0,0.33,0.33
29,Austin Reaves,61.904761904761905,55.9,35.61643835616439,67.3076923076923,2.545454545454545,42.9,1.75,1.75
30,Austin Rivers,64.70588235294117,46.3,33.33333333333333,65.38461538461539,3.2,40.6,1.79,1.79
31,Avery Bradley,64.28571428571429,63.6,21.874999999999996,78.57142857142858,0.7692307692307692,42.9,1.02,1.02
32,Ayo Dosunmu,77.14285714285715,57.2,47.72727272727273,60.86956521739131,3.0000000000000004,49.8,3.29,3.29
33,BJ Johnson,72.22222222222221,71.4,15.384615384615385,71.42857142857143,0.8666666666666667,20.0,1.0,1.0
34,Bam Adebayo,53.703703703703695,60.8,69.10994764397905,68.46153846153847,1.44,22.4,1.44,1.44
35,Ben McLemore,81.81818181818181,84.6,11.76470588235294,89.28571428571428,0.5882352941176471,47.8,0.93,0.93
36,Bismack Biyombo,61.53846153846154,74.4,82.75862068965517,92.5,0.0,0.0,0.38,0.38
37,Blake Griffin,82.14285714285714,62.1,53.125,83.92857142857144,1.1666666666666667,40.0,0.87,0.87
38,Boban Marjanovic,48.275862068965516,73.2,83.72093023255815,76.66666666666666,0.0,0.0,0.63,0.63
39,Bobby Portis,55.55555555555555,55.6,42.465753424657535,80.9917355371901,0.7894736842105263,23.4,0.57,0.57
40,Bogdan Bogdanovic,45.945945945945944,38.2,26.490066225165563,54.76190476190476,1.3829787234042552,42.6,1.99,1.99
41,Bojan Bogdanovic,50.0,56.8,36.46408839779005,60.447761194029844,2.066666666666667,26.8,1.41,1.41
42,Bol Bol,50.0,100.0,83.33333333333334,73.68421052631578,1.3333333333333335,45.5,0.89,0.89
43,Bones Hyland,60.86956521739131,36.4,21.782178217821784,50.602409638554214,1.2903225806451613,43.8,3.15,3.15
44,Brad Wanamaker,64.70588235294117,45.8,38.888888888888886,24.242424242424246,2.857142857142857,53.3,4.08,4.08
45,Bradley Beal,50.505050505050505,36.5,44.827586206896555,32.12435233160622,2.148148148148148,36.8,3.86,3.86
46,Brandon Boston Jr.,70.37037037037037,61.5,38.80597014925373,43.74999999999999,0.8571428571428572,24.6,2.2,2.2
47,Brandon Clarke,60.9375,70.0,82.6923076923077,81.42857142857143,4.25,23.6,0.68,0.68
48,Brandon Goodwin,60.86956521739131,24.4,54.16666666666667,32.558139534883715,3.266666666666667,54.5,4.61,4.61
49,Brandon Ingram,48.4375,40.1,29.955947136563875,44.692737430167604,1.4691358024691359,37.7,2.87,2.87
50,Brandon Knight,87.5,66.7,37.49999999999999,55.99999999999999,2.7777777777777777,68.0,4.73,4.73
51,Brandon Williams,63.79310344827586,31.1,40.310077519379846,37.28813559322034,2.625,38.1,4.31,4.31
52,Braxton Key,75.0,74.1,69.44444444444444,70.76923076923076,1.7,26.3,0.86,0.86
53,Brodric Thomas,74.99999999999999,83.3,55.55555555555556,73.33333333333334,2.666666666666667,77.8,3.74,3.74
54,Brook Lopez,62.962962962962955,71.4,51.61290322580645,92.0792079207921,0.75,8.3,0.39,0.39
55,Bruce Brown,61.11111111111111,74.3,66.66666666666666,77.14285714285715,6.5,41.2,1.63,1.63
56,Bruno Fernando,77.77777777777779,71.4,82.75862068965517,88.8888888888889,inf,0.0,0.57,0.57
57,Bryn Forbes,25.0,69.7,15.909090909090907,66.66666666666667,1.1250000000000002,32.8,1.42,1.42
58,Buddy Hield,64.70588235294117,44.0,21.7948717948718,61.76470588235294,1.1702127659574468,48.0,1.87,1.87
59,CJ Elleby,71.42857142857143,63.1,44.827586206896555,73.58490566037736,4.833333333333333,42.5,1.53,1.53
60,CJ McCollum,40.57971014492754,25.4,32.57918552036199,31.914893617021274,1.1428571428571428,33.9,3.92,3.92
61,CJ Miles,,0.0,,,,0.0,1.0,1.0
62,Cade Cunningham,56.62650602409638,23.5,45.97701149425288,35.40372670807454,2.8627450980392157,40.7,3.9,3.9
63,Caleb Martin,80.55555555555556,60.4,45.652173913043484,72.05882352941177,3.1,30.8,1.28,1.28
64,Cam Reddish,63.63636363636365,52.5,31.683168316831683,57.831325301204814,1.6071428571428572,26.9,1.62,1.62
65,Cam Thomas,35.714285714285715,41.5,35.294117647058826,36.00000000000001,1.0476190476190477,30.0,2.85,2.85
66,Cameron Johnson,55.55555555555555,67.3,25.6,80.43478260869567,2.727272727272727,39.9,1.01,1.01
67,Cameron McGriff,86.95652173913044,66.7,42.5531914893617,63.82978723404255,1.769230769230769,57.1,1.33,1.33
68,Cameron Oliver,81.81818181818183,77.8,69.56521739130434,100.0,0.0,0.0,0.31,0.31
69,Cameron Payne,43.39622641509433,18.3,44.44444444444444,31.683168316831683,2.8529411764705883,31.0,4.47,4.47
70,Caris LeVert,43.02325581395348,30.3,52.94117647058824,26.53061224489796,2.257575757575758,38.4,3.63,3.63
71,Carlik Jones,100.0,0.0,74.99999999999999,,1.7499999999999998,57.1,4.72,4.72
72,Carmelo Anthony,57.14285714285714,48.2,18.045112781954888,75.23809523809524,0.21212121212121213,17.4,0.68,0.68
73,Carsen Edwards,64.28571428571429,40.0,17.24137931034483,44.0,0.9428571428571428,46.2,3.74,3.74
74,Cassius Stanley,60.0,60.0,58.620689655172406,54.90196078431373,4.285714285714286,22.2,1.59,1.59
75,Cassius Winston,16.666666666666668,50.0,20.0,,2.857142857142857,71.4,3.71,3.71
76,Cat Barber,100.0,0.0,,,3.2857142857142856,57.1,4.64,4.64
77,Cedi Osman,73.33333333333334,68.9,31.775700934579444,70.11494252873564,2.1875,43.6,1.65,1.65
78,Chandler Hutchison,50.0,100.0,57.14285714285715,,inf,66.7,1.41,1.41
79,Charles Bassey,72.22222222222221,66.7,80.0,95.0,0.0,100.0,0.61,0.61
80,Charlie Brown Jr.,75.0,44.4,71.42857142857143,83.33333333333333,2.9999999999999996,0.0,0.67,0.67
81,Chaundee Brown Jr.,54.54545454545454,50.0,19.35483870967742,65.625,1.2857142857142858,33.3,0.93,0.93
82,Cheick Diallo,74.07407407407408,33.3,54.05405405405405,85.18518518518518,inf,0.0,0.77,0.77
83,Chimezie Metu,56.75675675675676,74.0,47.191011235955045,80.0,2.818181818181818,28.2,0.74,0.74
84,Chris Boucher,82.5,67.0,51.06382978723405,91.66666666666666,1.2,11.4,0.48,0.48
85,Chris Chiozza,57.14285714285715,14.3,20.0,58.333333333333336,5.2857142857142865,67.8,3.32,3.32
86,Chris Duarte,65.9090909090909,47.7,32.06106870229008,47.78761061946903,1.404255319148936,37.0,2.12,2.12
87,Chris Paul,13.513513513513512,9.7,29.931972789115648,15.044247787610617,1.4000000000000001,50.1,5.21,5.21
88,Chris Silva,72.22222222222221,75.0,76.92307692307692,100.0,,0.0,0.37,0.37
89,Christian Wood,67.6056338028169,60.5,49.16201117318437,72.09302325581396,2.2,23.3,1.18,1.18
90,Chuma Okeke,62.5,53.1,27.906976744186046,74.39024390243902,1.9375,47.0,1.48,1.48
91,Clint Capela,82.71604938271605,76.5,88.2882882882883,95.1219512195122,inf,5.9,0.26,0.26
92,Coby White,63.88888888888889,42.0,29.92125984251969,55.66037735849058,2.3793103448275863,42.6,3.1,3.1
93,Cody Martin,81.25,63.6,49.35064935064935,65.0,4.375,46.9,1.59,1.59
94,Cody Zeller,77.41935483870968,72.5,69.23076923076923,90.90909090909092,inf,27.8,0.63,0.63
95,Cole Anthony,48.275862068965516,24.0,33.128834355828225,37.857142857142854,2.0545454545454547,43.4,4.41,4.41
96,Collin Sexton,60.759493670886066,42.1,57.49999999999999,45.255474452554736,3.257142857142857,34.4,3.66,3.66
97,Corey Kispert,66.66666666666667,80.3,36.585365853658544,85.07462686567165,1.7499999999999998,38.5,0.6,0.6
98,Cory Joseph,62.06896551724137,41.6,37.5,43.54838709677419,3.7777777777777777,52.6,4.21,4.21
99,Craig Sword,100.0,100.0,100.0,76.92307692307692,inf,100.0,0.95,0.95
100,D'Angelo Russell,50.0,28.0,26.519337016574585,42.00000000000001,0.8840579710144927,31.4,3.47,3.47
101,D.J. Augustin,66.66666666666667,30.8,15.094339622641511,54.99999999999999,2.6153846153846154,61.1,4.79,4.79
102,D.J. Wilson,53.57142857142857,72.7,58.666666666666664,73.68421052631578,0.6666666666666666,25.0,0.73,0.73
103,DaQuan Jeffries,100.0,100.0,142.85714285714286,,,0.0,1.13,1.13
104,Daishen Nix,70.58823529411765,40.0,56.25,50.0,7.2,53.5,3.8,3.8
105,Dakota Mathias,,0.0,0.0,,0.0,0.0,1.62,1.62
106,Dalano Banton,65.0,32.9,62.5,53.125,3.125,50.6,2.95,2.95
107,Damian Jones,75.67567567567568,79.4,64.19753086419753,93.75,3.4999999999999996,21.1,0.46,0.46
108,Damian Lillard,80.64516129032258,19.2,26.666666666666668,29.47368421052631,1.4326923076923077,43.6,4.75,4.75
109,Damion Lee,63.636363636363626,73.6,37.83783783783784,73.77049180327869,2.3076923076923075,42.7,1.27,1.27
110,Damyean Dotson,50.0,50.0,50.0,50.0,1.5,0.0,1.38,1.38
111,Daniel Gafford,81.81818181818183,73.7,85.1063829787234,96.49122807017544,inf,18.2,0.32,0.32
112,Daniel Oturu,72.22222222222221,33.3,66.66666666666666,70.0,inf,0.0,0.67,0.67
113,Daniel Theis,73.52941176470588,79.7,58.53658536585367,93.54838709677419,2.9999999999999996,34.6,0.32,0.32
114,Danilo Gallinari,52.17391304347826,46.9,22.222222222222225,68.88888888888889,0.8620689655172414,33.3,1.09,1.09
115,Danny Green,66.66666666666666,87.0,10.16949152542373,88.46153846153845,1.125,52.6,0.58,0.58
116,Danuel House Jr.,74.99999999999999,75.0,23.72881355932203,74.46808510638297,2.75,44.1,1.12,1.12
117,Darius Bazley,67.9245283018868,63.9,50.0,65.95744680851064,7.714285714285715,30.0,1.42,1.42
118,Darius Garland,52.702702702702695,26.1,35.9447004608295,30.635838150289015,2.2435897435897436,48.5,4.96,4.96
119,Darren Collison,100.0,100.0,107.6923076923077,86.95652173913044,1.4285714285714286,100.0,2.93,2.93
120,David Duke Jr.,86.66666666666667,56.7,55.319148936170215,71.42857142857142,4.6,41.2,1.87,1.87
121,David Johnson,,0.0,,,,0.0,3.0,3.0
122,David Nwaba,81.4814814814815,54.3,58.82352941176471,71.05263157894738,17.0,20.8,1.34,1.34
123,Davion Mitchell,61.36363636363637,23.1,40.0,29.464285714285715,1.9019607843137254,51.2,4.52,4.52
124,Davis Bertans,57.14285714285715,86.4,14.285714285714288,95.91836734693877,1.8,57.1,0.52,0.52
125,Davon Reed,54.54545454545454,59.1,31.818181818181813,70.58823529411765,1.1,45.5,1.43,1.43
126,Day'Ron Sharpe,86.66666666666667,59.5,83.87096774193549,87.23404255319149,inf,25.0,0.46,0.46
127,De'Aaron Fox,45.28301886792453,21.5,50.000000000000014,20.0,1.9195402298850575,26.7,4.04,4.04
128,De'Andre Hunter,55.99999999999999,66.1,38.80597014925373,60.18518518518518,2.0,21.7,1.31,1.31
129,De'Anthony Melton,54.285714285714285,47.2,31.48148148148148,56.84210526315789,1.769230769230769,45.5,2.16,2.16
130,DeAndre Jordan,93.33333333333333,79.3,88.37209302325581,100.0,,0.0,0.2,0.2
131,DeAndre' Bembry,81.81818181818181,72.5,74.50980392156863,71.7948717948718,18.0,32.0,1.23,1.23
132,DeJon Jarreau,,0.0,,,inf,100.0,3.0,3.0
133,DeMar DeRozan,45.34883720930233,21.7,35.842293906810035,24.752475247524753,1.2295081967213115,35.7,4.6,4.6
134,DeMarcus Cousins,75.0,59.8,51.11111111111111,79.41176470588236,10.0,23.4,0.64,0.64
135,Dean Wade,75.0,56.3,30.18867924528302,83.72093023255813,2.9999999999999996,50.0,0.46,0.46
136,Deandre Ayton,49.48453608247423,80.9,76.74418604651163,91.66666666666666,1.0,11.1,0.41,0.41
137,Deividas Sirvydis,70.0,0.0,0.0,90.90909090909092,1.0,0.0,0.69,0.69
138,Dejounte Murray,48.913043478260875,18.9,47.393364928909946,26.775956284153008,2.1309523809523805,45.1,4.67,4.67
139,Delon Wright,64.70588235294117,44.9,40.9090909090909,51.42857142857142,5.142857142857143,54.8,3.96,3.96
140,Deni Avdija,60.0,58.9,47.61904761904761,64.7887323943662,5.571428571428572,32.1,1.62,1.62
141,Dennis Schroder,52.941176470588246,26.5,38.51851851851852,39.82300884955752,2.7435897435897436,39.9,4.11,4.11
142,Dennis Smith Jr.,65.78947368421053,32.9,60.71428571428572,25.490196078431378,6.333333333333333,50.4,4.41,4.41
143,Denzel Valentine,28.571428571428577,33.3,13.793103448275861,71.42857142857143,2.0,56.0,1.36,1.36
144,Derrick Favors,62.06896551724137,83.7,67.9245283018868,95.74468085106382,0.0,0.0,0.16,0.16
145,Derrick Jones Jr.,88.46153846153847,70.6,60.71428571428572,94.73684210526316,inf,18.2,0.41,0.41
146,Derrick Rose,55.55555555555555,25.9,48.33333333333334,32.38095238095238,2.6666666666666665,41.2,4.09,4.09
147,Derrick Walton Jr.,50.0,0.0,22.22222222222222,,5.444444444444444,61.4,4.63,4.63
148,Derrick White,46.938775510204074,40.1,39.3939393939394,47.66355140186917,3.6785714285714293,46.0,3.34,3.34
149,Desmond Bane,51.92307692307693,59.6,28.571428571428577,60.0,0.8833333333333333,31.4,1.75,1.75
150,Devin Booker,40.845070422535215,39.9,28.35820895522388,42.58373205741627,0.8220338983050847,32.4,3.65,3.65
151,Devin Cannady,40.0,0.0,0.0,88.63636363636363,0.4285714285714286,66.7,1.55,1.55
152,Devin Vassell,47.05882352941176,67.2,27.642276422764223,69.44444444444444,1.3333333333333335,37.1,1.23,1.23
153,Devon Dotson,91.66666666666666,55.6,69.23076923076923,57.14285714285714,8.333333333333334,57.1,3.59,3.59
154,Devontae Cacok,47.61904761904761,66.7,90.32258064516128,76.19047619047619,5.999999999999999,11.1,0.7,0.7
155,Devonte' Graham,57.89473684210527,30.8,15.126050420168067,54.20560747663552,1.108695652173913,55.7,3.47,3.47
156,Dewayne Dedmon,72.72727272727273,71.0,63.49206349206349,93.02325581395348,2.0,14.3,0.41,0.41
157,Didi Louzada,33.333333333333336,33.3,5.128205128205129,81.08108108108108,3.5000000000000004,68.4,1.44,1.44
158,Dillon Brooks,48.86363636363636,47.0,48.913043478260875,36.585365853658544,1.2222222222222223,17.9,2.15,2.15
159,Domantas Sabonis,75.78947368421053,61.6,65.60846560846561,74.4,7.0,42.6,1.25,1.25
160,Donovan Mitchell,48.23529411764705,17.7,36.2934362934363,27.804878048780484,1.5999999999999999,32.3,4.76,4.76
161,Donte DiVincenzo,65.21739130434783,47.7,20.0,67.5,2.4210526315789473,56.7,2.32,2.32
162,Dorian Finney-Smith,76.66666666666666,76.6,32.72727272727273,85.05747126436782,4.571428571428572,52.3,0.87,0.87
163,Doug McDermott,61.764705882352935,85.0,31.858407079646017,79.12087912087912,2.2666666666666666,28.0,0.78,0.78
164,Draymond Green,54.761904761904766,71.4,69.33333333333334,75.00000000000001,9.333333333333334,41.7,1.36,1.36
165,Drew Eubanks,56.52173913043479,75.9,75.32467532467533,92.3076923076923,1.6666666666666667,41.7,0.58,0.58
166,Duane Washington Jr.,62.85714285714287,52.2,30.303030303030305,53.93258426966293,2.0,29.3,2.23,2.23
167,Duncan Robinson,72.72727272727273,82.8,11.009174311926605,92.3913043478261,0.9,59.3,0.59,0.59
168,Dwight Howard,84.84848484848484,67.5,67.74193548387098,97.29729729729729,1.0,0.0,0.36,0.36
169,Dwight Powell,88.37209302325581,85.5,71.26436781609196,95.91836734693877,5.0,34.9,0.45,0.45
170,Dylan Windler,83.33333333333334,81.3,36.36363636363637,85.00000000000001,9.0,60.0,0.55,0.55
171,Ed Davis,83.33333333333334,72.7,88.8888888888889,100.0,,0.0,0.42,0.42
172,Elfrid Payton,44.82758620689655,27.0,80.0,31.428571428571434,7.666666666666666,38.8,4.31,4.31
173,Elijah Hughes,44.44444444444445,50.0,28.57142857142857,67.5,1.6363636363636362,44.6,1.37,1.37
174,Emanuel Terry,58.82352941176471,0.0,,94.11764705882354,inf,100.0,0.42,0.42
175,Emmanuel Mudiay,0.0,0.0,0.0,,2.5,60.0,4.44,4.44
176,Enes Freedom,80.0,38.8,75.67567567567566,89.28571428571429,1.0,0.0,0.28,0.28
177,Eric Bledsoe,59.523809523809526,30.1,46.46464646464646,37.931034482758626,3.4814814814814814,46.9,3.92,3.92
178,Eric Gordon,63.636363636363626,34.0,35.82089552238806,43.43434343434343,3.5,28.6,3.32,3.32
179,Eric Paschall,71.42857142857143,58.1,44.827586206896555,70.73170731707317,23.999999999999996,30.0,0.83,0.83
180,Eugene Omoruyi,100.0,0.0,33.33333333333333,,1.0,50.0,1.21,1.21
181,Evan Fournier,44.82758620689655,47.8,19.858156028368793,61.15702479338844,1.0638297872340425,40.1,1.76,1.76
182,Evan Mobley,56.32183908045978,65.2,68.0,72.5,1.6666666666666665,25.4,0.79,0.79
183,Facundo Campazzo,64.28571428571429,38.8,27.450980392156865,54.34782608695653,2.923076923076923,64.8,4.22,4.22
184,Feron Hunt,100.0,0.0,,100.0,,0.0,0.5,0.5
185,Frank Jackson,59.374999999999986,67.6,33.9622641509434,64.83516483516483,1.5909090909090908,24.3,1.34,1.34
186,Frank Kaminsky,53.57142857142857,71.0,66.03773584905662,78.08219178082192,2.166666666666667,16.7,0.48,0.48
187,Frank Ntilikina,38.46153846153846,52.9,24.39024390243903,60.526315789473685,1.909090909090909,48.0,2.38,2.38
188,Franz Wagner,60.0,53.1,57.89473684210527,44.71544715447154,4.55,24.1,2.37,2.37
189,Fred VanVleet,48.78048780487806,22.5,17.733990147783253,38.46153846153847,1.477272727272727,57.7,4.0,4.0
190,Freddie Gillespie,42.857142857142854,77.8,86.95652173913044,,2.9999999999999996,66.7,0.53,0.53
191,Furkan Korkmaz,60.0,52.4,34.21052631578947,62.85714285714287,1.7619047619047619,40.1,2.54,2.54
192,Gabe Vincent,65.0,40.0,25.287356321839084,54.666666666666664,1.7241379310344829,56.6,3.75,3.75
193,Gabe York,0.0,100.0,25.0,85.71428571428571,2.0,50.0,0.93,0.93
194,Gabriel Deck,70.0,66.7,53.84615384615385,75.0,2.5,57.1,1.11,1.11
195,Gabriel Lundberg,72.72727272727273,0.0,0.0,54.16666666666667,1.0,72.7,2.36,2.36
196,Garrett Temple,71.42857142857143,63.5,26.923076923076923,78.0,1.8,50.5,1.32,1.32
197,Garrison Mathews,80.0,75.6,12.0,92.95774647887323,1.3333333333333333,48.1,0.62,0.62
198,Gary Clark,60.0,80.0,7.4074074074074066,86.95652173913044,2.5,47.4,0.57,0.57
199,Gary Harris,65.51724137931035,58.9,30.630630630630627,65.93406593406593,1.6818181818181817,39.3,1.78,1.78
200,Gary Payton II,78.125,78.7,67.6056338028169,89.58333333333334,4.0,53.3,0.78,0.78
201,Gary Trent Jr.,40.476190476190474,41.1,21.85792349726776,46.4516129032258,0.6,23.6,2.26,2.26
202,George Hill,69.56521739130436,44.2,41.935483870967744,54.90196078431373,3.4,44.8,3.59,3.59
203,George King,100.0,0.0,0.0,,inf,0.0,0.58,0.58
204,Georges Niang,52.38095238095239,71.1,23.913043478260875,79.72972972972973,5.0,39.7,0.64,0.64
205,Georgios Kalaitzakis,69.69696969696969,52.4,60.60606060606061,65.38461538461539,2.5555555555555554,26.7,2.04,2.04
206,Giannis Antetokounmpo,72.5,43.2,52.84280936454849,42.473118279569896,1.7727272727272727,33.8,2.55,2.55
207,Goga Bitadze,79.41176470588235,69.4,60.0,96.0,1.4999999999999998,35.3,0.44,0.44
208,Goran Dragic,54.83870967741936,19.5,45.33333333333333,47.22222222222223,2.869565217391304,50.0,3.65,3.65
209,Gordon Hayward,56.896551724137936,57.9,36.477987421383645,61.111111111111114,2.18421052631579,43.8,1.83,1.83
210,Gorgui Dieng,66.66666666666666,83.3,22.857142857142858,92.0,0.8333333333333334,50.0,0.66,0.66
211,Grant Williams,65.0,71.7,33.333333333333336,87.5,4.0,43.0,0.56,0.56
212,Grayson Allen,62.5,64.6,23.423423423423426,73.25581395348837,2.4444444444444446,48.1,1.31,1.31
213,Greg Brown III,84.00000000000001,64.5,55.319148936170215,77.5,3.25,32.3,0.79,0.79
214,Greg Monroe,76.92307692307693,56.3,85.18518518518518,78.04878048780488,4.0,16.7,0.47,0.47
215,Hamidou Diallo,62.295081967213115,51.7,65.45454545454545,51.64835164835166,2.7777777777777777,20.9,1.59,1.59
216,Harrison Barnes,59.64912280701755,56.6,36.585365853658544,60.18518518518518,4.5,36.4,1.3,1.3
217,Hassan Whiteside,67.3469387755102,63.7,80.48780487804879,94.11764705882352,1.0,15.4,0.31,0.31
218,Hassani Gravett,45.45454545454545,42.9,19.047619047619047,52.083333333333336,1.5,54.2,4.65,4.65
219,Haywood Highsmith,74.99999999999999,85.7,34.78260869565218,91.66666666666667,2.0,37.5,0.74,0.74
220,Herbert Jones,73.91304347826087,63.1,54.73684210526315,68.91891891891892,12.666666666666666,34.2,1.26,1.26
221,Ignas Brazdeikis,69.56521739130436,57.4,52.0,62.22222222222222,5.833333333333334,49.3,1.83,1.83
222,Immanuel Quickley,32.25806451612903,29.9,26.54867256637168,32.25806451612903,1.3962264150943398,47.1,4.61,4.61
223,Isaac Bonga,66.66666666666666,50.0,50.0,77.77777777777777,inf,33.3,0.95,0.95
224,Isaac Okoro,85.0,71.7,50.0,67.18749999999999,11.0,39.6,1.4,1.4
225,Isaiah Hartenstein,61.22448979591836,74.9,77.10843373493975,88.88888888888889,3.666666666666667,28.6,0.69,0.69
226,Isaiah Jackson,81.13207547169812,75.7,77.10843373493974,94.73684210526316,1.3333333333333335,15.4,0.34,0.34
227,Isaiah Joe,60.0,64.7,11.111111111111112,78.125,1.2857142857142858,57.7,1.44,1.44
228,Isaiah Livers,74.99999999999999,64.3,18.749999999999996,85.1063829787234,2.428571428571429,50.0,0.78,0.78
229,Isaiah Roby,63.82978723404255,68.9,49.504950495049506,75.0,4.8,29.2,0.68,0.68
230,Isaiah Stewart,82.75862068965517,68.9,74.69879518072288,91.30434782608697,2.9999999999999996,26.1,0.52,0.52
231,Isaiah Thomas,44.44444444444444,48.7,26.190476190476193,51.31578947368421,1.5625,35.1,3.4,3.4
232,Isaiah Todd,71.42857142857143,66.7,23.529411764705884,90.9090909090909,2.9999999999999996,0.0,0.73,0.73
233,Ish Smith,48.387096774193544,18.1,38.095238095238095,18.181818181818183,2.153846153846154,60.1,4.86,4.86
234,Ish Wainright,72.72727272727273,63.6,41.66666666666667,86.95652173913044,inf,46.4,0.63,0.63
235,Ivica Zubac,65.625,71.9,77.66990291262135,87.6923076923077,2.0,17.6,0.48,0.48
236,JT Thor,71.42857142857143,70.6,40.0,76.47058823529413,3.4999999999999996,25.0,0.87,0.87
237,Ja Morant,53.02013422818792,24.8,60.58394160583942,24.271844660194173,3.317460317460317,28.5,4.9,4.9
238,JaMychal Green,82.14285714285714,69.0,53.125,91.83673469387755,2.9999999999999996,47.1,0.37,0.37
239,JaQuori McLaughlin,,0.0,,,0.6,100.0,4.35,4.35
240,JaVale McGee,68.42105263157895,69.2,80.43478260869567,88.70967741935483,1.7499999999999998,7.3,0.48,0.48
241,Jabari Parker,66.66666666666666,60.0,31.818181818181813,78.125,1.4285714285714286,25.0,1.08,1.08
242,Jaden McDaniels,68.42105263157895,72.0,50.0,77.21518987341773,3.222222222222222,35.4,0.75,0.75
243,Jaden Springer,0.0,0.0,100.0,,inf,100.0,3.33,3.33
244,Jae Crowder,42.85714285714286,82.2,17.02127659574468,86.41975308641976,0.7777777777777777,28.1,0.52,0.52
245,Jae'Sean Tate,72.72727272727273,49.0,66.10169491525424,64.51612903225806,17.333333333333336,36.4,1.63,1.63
246,Jahmi'us Ramsey,66.66666666666667,57.9,49.99999999999999,48.387096774193544,3.3333333333333335,26.3,2.33,2.33
247,Jaime Echenique,,0.0,,,,0.0,0.0,0.0
248,Jake Layman,77.77777777777779,68.2,50.0,76.19047619047619,2.0,36.4,1.23,1.23
249,Jakob Poeltl,55.91397849462365,70.2,87.4074074074074,90.81632653061224,2.5,35.4,0.41,0.41
250,Jalen Brunson,39.3939393939394,26.2,46.62576687116564,26.5625,2.6153846153846154,41.7,4.26,4.26
251,Jalen Green,79.31034482758619,43.8,35.83815028901734,43.66197183098592,1.872340425531915,33.7,3.32,3.32
252,Jalen Johnson,83.33333333333334,78.9,75.0,78.94736842105263,3.0,36.8,1.0,1.0
253,Jalen McDaniels,64.0,61.0,45.16129032258064,71.73913043478261,10.333333333333334,37.7,1.13,1.13
254,Jalen Smith,64.1025641025641,72.1,52.17391304347826,88.40579710144928,2.666666666666667,17.9,0.46,0.46
255,Jalen Suggs,65.57377049180329,36.5,47.45762711864406,39.473684210526315,2.5714285714285716,36.3,3.49,3.49
256,James Bouknight,67.74193548387098,43.8,47.82608695652175,48.88888888888889,2.4545454545454546,32.1,2.81,2.81
257,James Ennis III,100.0,75.0,53.658536585365866,64.70588235294117,13.0,22.2,0.93,0.93
258,James Harden,56.57894736842105,18.9,33.63636363636363,17.647058823529413,2.162162162162162,41.3,5.05,5.05
259,James Johnson,79.41176470588235,51.2,69.0909090909091,58.00000000000001,4.833333333333333,31.7,2.07,2.07
260,Jamorko Pickett,25.0,80.0,26.31578947368421,94.73684210526315,0.8,40.0,0.54,0.54
261,Jared Butler,30.76923076923077,18.2,31.57894736842105,36.11111111111111,1.5294117647058825,49.1,5.28,5.28
262,Jared Harper,55.55555555555556,33.3,27.027027027027025,46.15384615384615,1.4545454545454546,37.5,3.86,3.86
263,Jaren Jackson Jr.,48.10126582278481,56.3,46.625766871165645,66.9172932330827,8.0,10.0,1.04,1.04
264,Jarred Vanderbilt,82.97872340425532,69.0,81.15942028985508,89.79591836734694,inf,50.0,0.63,0.63
265,Jarrett Allen,74.44444444444444,73.4,78.26086956521739,91.75257731958763,11.0,27.4,0.33,0.33
266,Jarrett Culver,61.111111111111114,41.0,45.714285714285715,52.77777777777778,2.4,36.5,3.04,3.04
267,Jarron Cumberland,100.0,100.0,85.71428571428572,,,0.0,1.55,1.55
268,Javin DeLaurier,,0.0,,,,0.0,0.5,0.5
269,Javonte Green,82.35294117647058,67.9,58.333333333333336,86.0,5.999999999999999,16.0,0.39,0.39
270,Javonte Smart,50.0,36.4,46.666666666666664,48.57142857142857,1.4615384615384615,42.4,3.49,3.49
271,Jaxson Hayes,71.73913043478261,76.0,66.66666666666666,91.22807017543859,4.0,21.8,0.49,0.49
272,Jay Huff,0.0,0.0,,,inf,0.0,0.61,0.61
273,Jay Scrubb,60.0,33.3,37.03703703703704,53.84615384615385,1.5714285714285716,38.9,1.78,1.78
274,Jaylen Brown,56.32183908045978,47.1,42.3728813559322,47.82608695652175,1.9821428571428572,39.6,2.6,2.6
275,Jaylen Hoard,58.62068965517242,42.9,63.94557823129252,65.11627906976744,4.928571428571429,37.5,0.95,0.95
276,Jaylen Morris,76.92307692307692,0.0,0.0,50.0,6.666666666666667,33.3,3.88,3.88
277,Jaylen Nowell,51.515151515151516,42.9,42.35294117647059,43.28358208955224,2.2,30.1,3.06,3.06
278,Jaysean Paige,,0.0,,,1.0,100.0,1.62,1.62
279,Jayson Tatum,65.11627906976743,42.9,37.17472118959108,42.71844660194175,1.3902439024390245,32.1,2.76,2.76
280,Jeff Dowtin Jr.,46.15384615384615,14.3,38.095238095238095,48.27586206896552,2.4,63.6,3.26,3.26
281,Jeff Green,69.04761904761905,82.1,52.42718446601942,80.28169014084507,2.142857142857143,17.1,0.57,0.57
282,Jemerrio Jones,66.66666666666666,50.0,100.0,100.0,,0.0,0.3,0.3
283,Jerami Grant,64.91228070175438,49.8,31.25,57.04697986577181,1.9761904761904763,33.2,1.39,1.39
284,Jeremiah Robinson-Earl,74.07407407407408,75.0,34.66666666666667,92.42424242424242,3.4999999999999996,40.6,0.42,0.42
285,Jeremy Lamb,31.818181818181813,34.6,24.657534246575345,53.2258064516129,1.7083333333333333,35.2,1.88,1.88
286,Jericho Sims,92.3076923076923,79.5,81.81818181818181,100.0,,0.0,0.35,0.35
287,Jevon Carter,50.0,43.8,9.523809523809524,60.526315789473685,0.7058823529411765,63.4,2.91,2.91
288,Jimmy Butler,59.34065934065934,37.7,48.5981308411215,44.827586206896555,3.0454545454545454,44.6,3.1,3.1
289,Jock Landale,80.0,70.8,53.06122448979592,92.10526315789474,1.0,50.0,0.44,0.44
290,Joe Harris,57.14285714285714,86.7,15.929203539823009,77.52808988764045,3.6363636363636362,37.5,0.65,0.65
291,Joe Ingles,46.15384615384615,59.5,22.222222222222225,68.25396825396825,2.111111111111111,57.1,1.93,1.93
292,Joe Johnson,,0.0,0.0,,1.0,100.0,5.2,5.2
293,Joe Wieskamp,50.0,50.0,9.523809523809524,84.21052631578948,0.6,55.6,0.91,0.91
294,Joel Ayayi,25.0,0.0,133.33333333333334,,0.8571428571428572,25.0,3.32,3.32
295,Joel Embiid,55.88235294117647,51.3,39.21568627450981,63.775510204081634,0.726027397260274,17.9,1.41,1.41
296,John Collins,67.6470588235294,79.3,53.086419753086425,89.07563025210085,2.2,30.8,0.46,0.46
297,John Konchar,76.47058823529412,61.4,45.833333333333336,83.33333333333333,2.4,54.0,1.28,1.28
298,Jon Teske,,0.0,,,,0.0,0.0,0.0
299,Jonas Valanciunas,55.55555555555556,62.7,60.67415730337079,84.25196850393702,1.4444444444444444,24.7,0.56,0.56
300,Jonathan Kuminga,67.44186046511628,60.8,55.91397849462365,65.15151515151516,6.0,27.4,1.53,1.53
301,Jordan Bell,,0.0,,,,0.0,0.0,0.0
302,Jordan Clarkson,36.84210526315789,22.1,40.0,39.71631205673759,2.02,34.0,3.06,3.06
303,Jordan Goodwin,100.0,0.0,,,2.0,50.0,3.22,3.22
304,Jordan McLaughlin,61.111111111111114,49.2,47.368421052631575,50.0,4.666666666666667,53.2,3.65,3.65
305,Jordan Nwora,68.0,61.7,32.91139240506329,57.333333333333336,1.1199999999999999,29.1,1.76,1.76
306,Jordan Poole,57.14285714285714,41.4,31.351351351351354,51.07913669064747,1.7446808510638296,39.1,3.51,3.51
307,Jordan Schakel,27.27272727272727,0.0,0.0,82.14285714285714,1.6666666666666667,50.0,1.14,1.14
308,Jose Alvarado,51.724137931034484,30.3,52.459016393442624,44.44444444444444,4.076923076923077,47.1,4.36,4.36
309,Josh Christopher,61.53846153846154,42.3,55.69620253164557,45.58823529411765,2.5555555555555554,35.0,3.25,3.25
310,Josh Giddey,46.57534246575342,30.2,59.20000000000001,45.96774193548387,3.6060606060606064,49.7,2.72,2.72
311,Josh Green,68.18181818181817,78.4,58.333333333333336,71.05263157894738,3.833333333333333,51.0,1.58,1.58
312,Josh Hart,79.31034482758619,47.2,48.322147651006716,50.476190476190474,2.791666666666667,42.3,2.11,2.11
313,Josh Jackson,68.0,51.7,43.75,59.32203389830508,1.846153846153846,37.7,1.41,1.41
314,Josh Okogie,91.66666666666666,60.7,44.44444444444444,76.19047619047619,inf,38.5,1.22,1.22
315,Josh Richardson,41.37931034482759,47.7,25.49019607843137,62.19512195121951,2.2857142857142856,40.5,1.84,1.84
316,Joshua Primo,56.52173913043479,52.5,37.931034482758626,64.81481481481481,4.333333333333333,50.3,2.42,2.42
317,Jrue Holiday,53.42465753424658,19.7,43.71584699453552,25.352112676056336,2.096774193548387,43.9,4.43,4.43
318,Juan Toscano-Anderson,71.42857142857143,69.0,63.41463414634148,71.87499999999999,10.5,48.3,1.55,1.55
319,Juancho Hernangomez,80.0,80.0,36.36363636363637,85.18518518518519,inf,53.1,0.55,0.55
320,Julius Randle,63.63636363636363,36.2,39.80099502487562,50.289017341040456,1.3043478260869565,41.9,2.2,2.2
321,Justin Anderson,68.75,66.7,31.25,77.96610169491525,1.6153846153846154,48.5,0.7,0.7
322,Justin Champagnie,81.81818181818181,57.1,60.86956521739131,94.73684210526316,inf,25.0,0.34,0.34
323,Justin Holiday,80.0,78.6,15.841584158415841,87.64044943820224,0.9047619047619047,60.3,0.82,0.82
324,Justin Jackson,0.0,100.0,28.57142857142857,52.38095238095239,1.0,25.0,0.76,0.76
325,Justin Robinson,42.85714285714286,20.0,19.35483870967742,59.45945945945946,1.5,56.8,4.07,4.07
326,Justise Winslow,60.0,69.5,66.66666666666666,70.37037037037037,4.0,46.9,1.43,1.43
327,Jusuf Nurkic,71.73913043478261,62.7,70.66666666666667,75.70093457943925,2.666666666666667,10.9,0.74,0.74
328,Juwan Morgan,100.0,100.0,40.0,,,0.0,0.36,0.36
329,KZ Okpala,65.0,76.2,59.45945945945946,93.93939393939394,13.999999999999998,65.5,0.94,0.94
330,Kai Jones,66.66666666666666,87.5,80.0,100.0,4.0,14.3,0.62,0.62
331,Karl-Anthony Towns,63.26530612244897,53.7,49.59349593495934,73.78048780487805,4.647058823529412,24.6,0.85,0.85
332,Keifer Sykes,68.42105263157895,42.9,39.28571428571429,49.15254237288135,1.3599999999999999,46.3,3.65,3.65
333,Keita Bates-Diop,78.7878787878788,75.6,66.66666666666666,80.0,4.333333333333334,22.8,0.7,0.7
334,Kelan Martin,68.18181818181817,64.6,38.59649122807018,59.64912280701755,1.263157894736842,36.1,1.14,1.14
335,Keldon Johnson,52.054794520547944,64.4,44.705882352941174,62.22222222222222,4.705882352941177,26.2,1.27,1.27
336,Keljin Blevins,80.0,61.5,25.806451612903224,66.66666666666666,1.2222222222222223,42.9,1.56,1.56
337,Kelly Olynyk,76.47058823529412,62.5,43.956043956043956,81.94444444444444,1.7333333333333334,49.5,0.89,0.89
338,Kelly Oubre Jr.,71.11111111111111,61.2,37.333333333333336,73.17073170731707,1.565217391304348,19.6,1.24,1.24
339,Kemba Walker,56.25,21.1,25.862068965517242,32.0,1.3454545454545455,46.5,4.34,4.34
340,Kenrich Williams,62.5,59.0,48.648648648648646,63.07692307692309,2.733333333333333,53.2,1.58,1.58
341,Kent Bazemore,63.636363636363626,81.3,17.647058823529417,69.44444444444444,1.1111111111111112,42.1,1.14,1.14
342,Kentavious Caldwell-Pope,53.57142857142857,61.9,21.21212121212121,63.888888888888886,0.8974358974358975,34.6,1.47,1.47
343,Kenyon Martin Jr.,82.22222222222223,73.5,63.636363636363626,80.30303030303033,23.999999999999996,36.8,0.72,0.72
344,Keon Johnson,65.78947368421053,48.4,47.22222222222223,40.54054054054054,2.125,35.0,3.89,3.89
345,Kessler Edwards,72.72727272727273,64.5,37.28813559322034,83.92857142857142,1.3333333333333335,27.0,0.69,0.69
346,Kevin Durant,32.43243243243243,49.9,28.762541806020064,42.857142857142854,0.8596491228070176,30.5,2.51,2.51
347,Kevin Huerter,41.17647058823529,51.9,31.40495867768595,64.07766990291262,1.2352941176470589,30.1,1.8,1.8
348,Kevin Knox II,62.5,75.0,32.25806451612903,82.14285714285717,1.7499999999999998,31.8,0.58,0.58
349,Kevin Love,56.52173913043479,57.1,20.588235294117645,89.32038834951457,0.4210526315789474,24.2,0.44,0.44
350,Kevin Pangos,28.571428571428577,11.1,37.50000000000001,36.84210526315789,3.0000000000000004,54.9,5.15,5.15
351,Kevin Porter Jr.,64.70588235294117,26.7,32.05128205128205,29.545454545454547,1.4461538461538461,42.7,4.49,4.49
352,Kevon Looney,81.57894736842107,73.6,80.0,86.36363636363636,2.3333333333333335,29.8,0.52,0.52
353,Khem Birch,50.0,80.4,75.55555555555557,97.22222222222221,2.0,33.3,0.52,0.52
354,Khris Middleton,42.5531914893617,33.1,24.87562189054726,41.29032258064516,1.0,44.1,2.93,2.93
355,Killian Hayes,47.05882352941176,34.1,49.27536231884058,45.714285714285715,3.0476190476190474,51.3,3.3,3.3
356,Killian Tillie,66.66666666666667,62.5,18.181818181818183,82.85714285714285,5.5,37.5,0.7,0.7
357,Kira Lewis Jr.,60.0,45.7,57.627118644067785,49.180327868852466,2.25,38.9,3.35,3.35
358,Klay Thompson,38.095238095238095,63.6,21.568627450980397,65.92178770949721,0.7945205479452054,41.1,1.54,1.54
359,Kris Dunn,43.63636363636363,14.0,73.68421052631578,20.547945205479454,4.285714285714286,46.0,3.76,3.76
360,Kristaps Porzingis,53.62318840579711,68.2,39.603960396039604,77.33333333333333,0.9642857142857144,26.1,0.66,0.66
361,Kyle Anderson,47.82608695652175,51.4,60.526315789473685,55.88235294117647,2.7142857142857144,29.7,1.5,1.5
362,Kyle Guy,54.54545454545454,50.0,25.641025641025646,58.82352941176471,2.5555555555555554,38.6,2.87,2.87
363,Kyle Kuzma,48.48484848484849,49.2,44.444444444444436,57.74647887323944,2.1578947368421053,33.1,1.96,1.96
364,Kyle Lowry,64.0,30.3,22.388059701492537,47.0,1.5319148936170213,56.2,2.86,2.86
365,Kyrie Irving,36.84210526315789,23.3,32.11678832116789,29.245283018867923,1.091743119266055,24.3,3.63,3.63
366,LaMarcus Aldridge,51.16279069767441,74.8,41.86046511627907,82.47422680412372,0.15,18.8,0.57,0.57
367,LaMelo Ball,56.75675675675676,26.4,35.82089552238805,40.7185628742515,2.1904761904761907,42.2,3.77,3.77
368,Lamar Stevens,66.66666666666666,60.1,62.295081967213115,58.82352941176471,2.1818181818181817,24.3,1.25,1.25
369,Lance Stephenson,72.41379310344827,20.0,43.37349397590361,25.71428571428571,1.7096774193548385,30.9,3.88,3.88
370,Landry Shamet,53.333333333333336,60.3,16.867469879518072,72.85714285714285,1.4444444444444444,46.1,1.65,1.65
371,Langston Galloway,50.0,50.0,40.0,72.97297297297297,1.1,62.5,2.49,2.49
372,Larry Nance Jr.,72.22222222222221,68.9,62.85714285714287,85.18518518518519,3.4999999999999996,21.9,1.13,1.13
373,Lauri Markkanen,65.21739130434783,68.4,36.486486486486484,81.73913043478261,2.3,29.6,0.67,0.67
374,LeBron James,81.9047619047619,40.7,47.524752475247524,49.54128440366973,1.2253521126760563,35.7,3.07,3.07
375,Leandro Bolmaro,66.66666666666667,58.3,57.14285714285715,60.0,4.666666666666667,62.0,3.54,3.54
376,Lindell Wigginton,69.56521739130436,76.5,52.38095238095239,62.5,5.999999999999999,41.3,3.78,3.78
377,Lindy Waters III,60.0,72.2,15.000000000000002,82.85714285714285,0.7692307692307692,52.0,1.14,1.14
378,Lonnie Walker IV,65.71428571428571,54.0,31.40495867768595,55.04587155963303,1.4871794871794872,42.9,2.44,2.44
379,Lonzo Ball,68.0,40.4,20.0,68.80733944954129,1.3225806451612903,48.6,2.63,2.63
380,Lou Williams,31.818181818181813,34.1,28.571428571428577,31.57894736842105,1.53125,40.6,3.65,3.65
381,Louis King,20.0,42.9,13.333333333333336,55.319148936170215,0.6363636363636362,28.6,1.85,1.85
382,Luguentz Dort,59.32203389830508,49.1,33.72093023255814,56.33802816901409,3.888888888888889,44.2,2.37,2.37
383,Luka Doncic,35.78947368421053,10.7,38.732394366197184,16.203703703703702,1.7209302325581395,43.2,5.37,5.37
384,Luka Garza,75.0,52.0,48.27586206896552,89.13043478260869,1.3333333333333335,30.8,0.56,0.56
385,Luke Kennard,41.17647058823529,66.0,15.126050420168067,73.62637362637362,0.8387096774193549,43.5,1.14,1.14
386,Luke Kornet,80.0,69.2,100.0,100.0,,0.0,0.35,0.35
387,MJ Walker,66.66666666666666,0.0,,,3.0,66.7,1.44,1.44
388,Mac McClung,100.0,100.0,25.0,50.0,3.0,66.7,3.12,3.12
389,Malachi Flynn,53.846153846153854,21.4,32.558139534883715,40.476190476190474,1.611111111111111,54.3,3.48,3.48
390,Malcolm Brogdon,73.68421052631578,24.9,43.97905759162303,27.1523178807947,3.388888888888889,48.9,4.06,4.06
391,Malcolm Hill,42.85714285714286,63.6,26.31578947368421,88.88888888888889,1.0,60.0,0.97,0.97
392,Malik Beasley,61.111111111111114,65.2,14.876033057851238,78.7037037037037,0.8333333333333334,41.0,1.17,1.17
393,Malik Fitts,66.66666666666666,100.0,28.571428571428577,76.92307692307692,6.999999999999999,40.0,0.96,0.96
394,Malik Monk,70.45454545454545,54.6,39.130434782608695,56.88073394495412,2.1875,56.6,2.1,2.1
395,Malik Newman,100.0,66.7,25.0,,1.0,25.0,3.41,3.41
396,Mamadi Diakite,60.0,84.0,88.37209302325583,91.66666666666666,1.0,0.0,0.3,0.3
397,Marcus Garrett,78.57142857142857,50.0,54.545454545454554,55.55555555555556,4.0,35.7,2.53,2.53
398,Marcus Morris Sr.,23.52941176470588,32.7,23.376623376623375,52.34375,0.6065573770491804,24.4,1.45,1.45
399,Marcus Smart,46.666666666666664,36.5,39.669421487603316,54.45544554455446,5.8,45.7,3.04,3.04
400,Markelle Fultz,57.14285714285715,17.7,57.4074074074074,17.525773195876294,2.3333333333333335,40.7,5.72,5.72
401,Markieff Morris,54.166666666666664,51.2,39.473684210526315,77.61194029850746,0.5333333333333333,21.4,0.61,0.61
402,Marko Simonovic,72.72727272727273,66.7,42.10526315789474,88.23529411764706,inf,0.0,0.36,0.36
403,Markus Howard,62.5,54.5,19.512195121951223,48.48484848484849,0.6,28.6,2.12,2.12
404,Marquese Chriss,80.64516129032258,83.3,71.1111111111111,92.3076923076923,4.0,20.0,0.44,0.44
405,Marvin Bagley III,58.2089552238806,65.8,70.79646017699115,78.49462365591397,4.8,18.1,0.59,0.59
406,Mason Jones,80.0,66.7,44.11764705882353,47.36842105263158,1.769230769230769,33.3,1.91,1.91
407,Mason Plumlee,81.3953488372093,77.6,83.07692307692308,81.8181818181818,6.999999999999999,44.0,0.96,0.96
408,Matisse Thybulle,86.95652173913044,73.3,56.14035087719298,91.1111111111111,4.0,48.1,0.54,0.54
409,Matt Mooney,,0.0,,,,0.0,4.43,4.43
410,Matt Ryan,,0.0,0.0,,inf,100.0,0.56,0.56
411,Matt Thomas,0.0,85.0,0.0,76.47058823529413,0.26666666666666666,58.8,1.14,1.14
412,Maurice Harkless,81.25,78.8,47.82608695652175,76.92307692307693,5.5,36.5,0.76,0.76
413,Max Strus,81.25,77.9,16.9811320754717,84.33734939759036,1.2307692307692308,44.1,0.63,0.63
414,Maxi Kleber,78.57142857142857,84.5,28.57142857142857,95.0,2.4,55.6,0.32,0.32
415,McKinley Wright IV,0.0,0.0,40.0,,2.0,50.0,3.05,3.05
416,Melvin Frazier Jr.,70.0,75.0,74.76635514018693,60.62499999999999,36.66666666666667,27.3,1.61,1.61
417,Micah Potter,88.46153846153847,60.0,65.0,97.29729729729728,,0.0,0.21,0.21
418,Michael Porter Jr.,70.27027027027027,70.4,38.38383838383839,70.17543859649122,0.6153846153846154,36.4,0.9,0.9
419,Mikal Bridges,52.83018867924528,76.4,52.11267605633804,72.38095238095238,1.7600000000000002,34.2,1.0,1.0
420,Mike Conley,28.260869565217394,25.7,32.11678832116789,27.27272727272727,2.2407407407407405,49.7,4.6,4.6
421,Mike Muscala,69.23076923076923,81.4,20.0,96.55172413793103,0.5,0.0,0.24,0.24
422,Miles Bridges,73.25581395348837,59.7,51.48514851485149,54.60526315789475,3.6333333333333333,34.1,1.6,1.6
423,Miles McBride,57.14285714285715,26.7,27.272727272727277,48.148148148148145,0.9090909090909091,52.6,3.94,3.94
424,Mitchell Robinson,95.83333333333333,51.7,84.70588235294117,97.91666666666667,,0.0,0.3,0.3
425,Miye Oni,100.0,0.0,66.66666666666667,83.33333333333334,1.0,100.0,1.16,1.16
426,Mo Bamba,76.31578947368422,56.6,45.28301886792453,93.10344827586208,0.8333333333333334,20.5,0.49,0.49
427,Monte Morris,60.0,47.2,33.33333333333333,53.398058252427184,1.0512820512820513,38.7,3.45,3.45
428,Montrezl Harrell,79.71014492753623,65.3,71.75572519083968,79.48717948717949,1.0,8.0,0.83,0.83
429,Moritz Wagner,83.33333333333334,76.3,46.666666666666664,88.88888888888889,18.0,25.2,0.6,0.6
430,Moses Brown,85.18518518518519,81.3,74.4186046511628,92.59259259259258,inf,0.0,0.26,0.26
431,Moses Moody,75.0,70.0,31.818181818181813,80.0,2.8,37.7,1.43,1.43
432,Moses Wright,50.0,100.0,46.15384615384615,100.0,0.0,0.0,0.47,0.47
433,Mychal Mulder,63.636363636363626,57.1,19.512195121951223,77.77777777777779,1.5,13.3,1.32,1.32
434,Myles Powell,62.5,0.0,66.66666666666667,,2.5,47.1,5.41,5.41
435,Myles Turner,60.86956521739131,68.3,48.06201550387597,82.97872340425533,2.5714285714285716,10.7,0.49,0.49
436,Naji Marshall,67.85714285714286,55.7,56.14035087719298,61.22448979591836,3.714285714285715,27.8,1.67,1.67
437,Nassir Little,78.125,69.1,40.81632653061224,65.33333333333334,2.5384615384615383,35.7,1.19,1.19
438,Nate Hinton,0.0,0.0,,,inf,0.0,0.67,0.67
439,Nathan Knight,77.27272727272727,70.7,70.27027027027027,75.0,10.0,21.6,1.21,1.21
440,Naz Reid,72.5,62.5,55.421686746987945,80.64516129032258,13.0,25.5,0.65,0.65
441,Neemias Queta,65.38461538461539,64.7,93.33333333333333,88.00000000000001,4.0,0.0,0.56,0.56
442,Nemanja Bjelica,60.0,68.9,45.90163934426229,81.25,8.0,45.6,0.82,0.82
443,Nerlens Noel,65.0,75.0,70.58823529411767,91.66666666666667,1.0,50.0,0.42,0.42
444,Nic Claxton,80.0,73.6,87.35632183908046,89.28571428571429,inf,13.8,0.45,0.45
445,Nick Richards,77.77777777777779,78.3,80.0,88.88888888888889,1.0,33.3,0.47,0.47
446,Nickeil Alexander-Walker,67.44186046511628,39.9,37.735849056603776,54.285714285714285,2.8076923076923075,39.7,2.53,2.53
447,Nicolas Batum,81.81818181818181,83.1,19.277108433734934,87.87878787878788,0.6666666666666666,51.4,0.56,0.56
448,Nik Stauskas,100.0,100.0,0.0,55.55555555555556,0.5555555555555556,25.0,1.67,1.67
449,Nikola Jokic,54.54545454545454,58.0,59.77859778597785,73.44632768361582,2.8000000000000003,33.1,1.26,1.26
450,Nikola Vucevic,51.85185185185186,71.3,53.40909090909089,82.9113924050633,2.3,43.9,0.53,0.53
451,Norman Powell,68.85245901639345,50.9,31.57894736842105,47.01492537313433,2.1052631578947367,29.4,2.44,2.44
452,Norvel Pelle,100.0,66.7,100.0,94.11764705882354,,0.0,0.15,0.15
453,O.G. Anunoby,72.1311475409836,46.4,39.76608187134503,59.310344827586206,1.8205128205128205,45.5,1.65,1.65
454,Obi Toppin,87.8048780487805,82.4,62.22222222222222,84.84848484848486,8.5,25.8,0.59,0.59
455,Olivier Sarr,58.06451612903226,77.8,54.285714285714285,97.82608695652175,0.5,100.0,0.3,0.3
456,Omer Yurtseven,58.53658536585367,78.3,86.79245283018867,90.9090909090909,0.5,14.3,0.4,0.4
457,Onyeka Okongwu,76.08695652173914,79.5,78.04878048780489,95.74468085106382,2.0,0.0,0.44,0.44
458,Oshae Brissett,78.37837837837837,67.2,39.56043956043956,77.63157894736842,5.5,25.7,0.77,0.77
459,Otto Porter Jr.,60.86956521739131,73.5,34.146341463414636,87.87878787878788,0.9,26.8,0.67,0.67
460,P.J. Dozier,50.0,33.3,29.629629629629626,65.45454545454544,1.3157894736842106,48.9,1.73,1.73
461,P.J. Tucker,51.724137931034484,81.9,42.10526315789474,86.66666666666667,2.75,43.2,0.81,0.81
462,P.J. Washington,77.14285714285715,79.3,40.77669902912621,87.8048780487805,4.333333333333334,42.9,0.58,0.58
463,Paris Bass,50.0,50.0,66.66666666666666,100.0,,0.0,1.79,1.79
464,Pascal Siakam,42.98245614035088,29.2,57.89473684210525,39.32584269662921,2.8600000000000003,37.1,3.16,3.16
465,Pat Connaughton,77.77777777777779,77.8,24.24242424242424,88.15789473684211,6.333333333333333,50.4,0.63,0.63
466,Patrick Beverley,48.275862068965516,25.5,32.608695652173914,54.666666666666664,2.85,47.6,3.15,3.15
467,Patrick Williams,60.71428571428572,66.7,37.77777777777778,58.333333333333336,1.380952380952381,26.5,1.18,1.18
468,Patty Mills,66.66666666666666,61.9,10.526315789473683,73.46938775510203,0.787878787878788,60.5,2.43,2.43
469,Paul George,56.06060606060607,22.0,27.160493827160497,30.24390243902439,1.1754385964912282,40.1,3.44,3.44
470,Paul Millsap,70.0,48.6,57.14285714285714,71.42857142857143,6.999999999999999,31.1,1.02,1.02
471,Paul Reed,80.0,57.7,96.77419354838709,76.0,8.0,24.1,0.77,0.77
472,Paul Watson,45.45454545454545,50.0,41.17647058823529,79.48717948717949,4.749999999999999,47.1,0.98,0.98
473,Payton Pritchard,63.636363636363626,35.6,12.903225806451612,58.490566037735846,1.411764705882353,60.7,3.59,3.59
474,Petr Cornelie,83.33333333333334,100.0,72.72727272727273,91.66666666666667,1.0,100.0,0.44,0.44
475,Precious Achiuwa,62.264150943396224,59.8,57.14285714285714,69.87951807228916,2.7,16.5,1.16,1.16
476,Quentin Grimes,83.33333333333334,60.9,10.0,80.3921568627451,0.75,54.8,1.08,1.08
477,Quinndary Weatherspoon,74.99999999999999,81.8,81.4814814814815,78.94736842105263,3.0,40.0,1.12,1.12
478,R.J. Hampton,57.89473684210527,33.3,42.10526315789474,42.25352112676057,5.153846153846154,45.6,3.45,3.45
479,RJ Barrett,63.0,39.8,46.0,42.105263157894726,4.129032258064516,30.1,2.67,2.67
480,RJ Nembhard Jr.,60.0,50.0,72.72727272727273,53.84615384615385,7.000000000000001,48.3,3.89,3.89
481,Rajon Rondo,65.0,8.1,37.5,44.44444444444444,4.25,48.2,3.74,3.74
482,Raul Neto,43.90243902439025,33.1,58.666666666666664,28.571428571428577,3.6,39.4,4.53,4.53
483,Rayjon Tucker,100.0,0.0,19.047619047619047,66.66666666666666,1.0,60.0,1.67,1.67
484,Reggie Bullock,63.636363636363626,76.7,13.953488372093023,91.89189189189189,0.888888888888889,30.8,0.39,0.39
485,Reggie Jackson,48.4375,20.5,39.28571428571428,33.74233128834356,1.472972972972973,36.9,4.61,4.61
486,Reggie Perry,59.25925925925925,67.6,69.56521739130436,75.94936708860759,1.5555555555555554,0.0,0.74,0.74
487,Richaun Holmes,58.73015873015872,75.0,80.76923076923075,92.53731343283582,2.5,16.7,0.49,0.49
488,Ricky Rubio,56.25,25.6,29.00763358778626,37.190082644628106,2.423076923076923,51.5,4.38,4.38
489,Rob Edwards,,0.0,0.0,75.0,0.0,0.0,1.61,1.61
490,Robert Covington,75.0,65.4,25.882352941176475,84.28571428571428,2.5714285714285716,33.8,0.47,0.47
491,Robert Williams III,88.13559322033898,69.4,87.99999999999999,100.0,inf,80.0,0.28,0.28
492,Robert Woodard II,55.55555555555556,100.0,33.333333333333336,69.23076923076923,1.0,40.0,1.29,1.29
493,Robin Lopez,40.81632653061224,51.9,81.69014084507043,70.9090909090909,3.0,12.9,1.03,1.03
494,Rodney Hood,50.0,53.6,25.806451612903224,66.66666666666666,1.1,47.3,1.33,1.33
495,Rodney McGruder,69.23076923076923,65.0,22.22222222222222,79.54545454545455,2.3333333333333335,40.6,1.07,1.07
496,Romeo Langford,57.89473684210527,72.2,44.44444444444444,67.5,3.3333333333333335,28.4,1.11,1.11
497,Royce O'Neale,82.35294117647058,67.9,27.027027027027025,86.20689655172414,5.25,51.9,0.7,0.7
498,Rudy Gay,54.54545454545454,50.6,29.629629629629626,72.46376811594203,0.8421052631578948,27.0,0.83,0.83
499,Rudy Gobert,88.1578947368421,72.4,70.51282051282051,96.10389610389609,2.9999999999999996,10.5,0.36,0.36
500,Rui Hachimura,59.45945945945946,60.6,40.70796460176991,64.83516483516483,1.074074074074074,23.1,1.11,1.11
501,Russell Westbrook,72.63157894736842,23.2,52.972972972972975,28.481012658227844,3.313725490196078,46.9,4.29,4.29
502,Ryan Arcidiacono,0.0,100.0,37.49999999999999,66.66666666666666,3.25,76.9,1.73,1.73
503,Saben Lee,76.66666666666666,45.5,53.57142857142857,45.833333333333336,6.8,61.7,4.15,4.15
504,Saddiq Bey,62.5,43.1,28.571428571428566,65.46762589928058,1.4736842105263157,35.7,1.37,1.37
505,Sam Dekker,,0.0,,,,0.0,0.0,0.0
506,Sam Hauser,100.0,75.0,16.0,94.73684210526316,0.6666666666666667,100.0,0.62,0.62
507,Sam Merrill,100.0,100.0,9.523809523809524,75.0,1.0,87.5,1.75,1.75
508,Sandro Mamukelashvili,80.0,62.9,47.36842105263158,85.71428571428572,8.0,41.9,0.68,0.68
509,Santi Aldama,68.0,63.8,68.29268292682929,78.04878048780488,3.4999999999999996,33.3,0.93,0.93
510,Scottie Barnes,51.24999999999999,42.9,60.130718954248366,57.14285714285714,2.0434782608695654,26.1,2.17,2.17
511,Scottie Lewis,,0.0,0.0,,inf,100.0,2.5,2.5
512,Scotty Hopson,0.0,50.0,0.0,,1.0,0.0,2.77,2.77
513,Sekou Doumbouya,83.33333333333334,50.0,57.14285714285714,75.0,,0.0,1.86,1.86
514,Semi Ojeleye,28.571428571428577,73.3,24.242424242424246,75.75757575757575,1.2857142857142858,17.9,0.9,0.9
515,Serge Ibaka,51.85185185185185,70.3,50.0,92.72727272727272,2.0,38.2,0.39,0.39
516,Seth Curry,38.095238095238095,46.5,17.333333333333332,53.043478260869556,0.8166666666666668,50.2,2.51,2.51
517,Shai Gilgeous-Alexander,49.5575221238938,13.7,48.97959183673469,12.234042553191488,2.9146341463414633,40.2,5.11,5.11
518,Shake Milton,50.0,36.9,51.21951219512195,39.726027397260275,2.56,36.9,3.58,3.58
519,Shaq Buchanan,100.0,100.0,100.0,100.0,0.0,0.0,1.91,1.91
520,Shaquille Harrison,75.0,50.0,100.0,66.66666666666666,4.0,50.0,1.94,1.94
521,Sharife Cooper,100.0,50.0,80.0,27.272727272727277,5.0,46.2,3.92,3.92
522,Skylar Mays,78.57142857142857,41.7,55.172413793103445,60.86956521739132,5.0,35.7,3.06,3.06
523,Solomon Hill,83.33333333333334,100.0,33.333333333333336,93.33333333333333,5.0,66.7,0.62,0.62
524,Spencer Dinwiddie,48.979591836734684,20.1,36.496350364963504,29.090909090909093,2.3111111111111113,38.5,4.29,4.29
525,Stanley Johnson,62.962962962962955,54.8,44.776119402985074,69.23076923076921,4.166666666666667,39.5,1.09,1.09
526,Stephen Curry,60.37735849056604,36.8,22.745098039215687,42.40837696335078,1.0666666666666667,43.8,4.06,4.06
527,Sterling Brown,72.72727272727273,77.4,30.303030303030305,68.74999999999999,3.0,45.9,1.36,1.36
528,Steven Adams,77.55102040816325,49.0,78.26086956521738,86.27450980392159,5.999999999999999,23.3,0.44,0.44
529,Svi Mykhailiuk,73.33333333333334,54.0,34.78260869565218,71.42857142857143,1.727272727272727,53.3,1.41,1.41
530,T.J. McConnell,52.941176470588246,25.6,68.23529411764707,32.467532467532465,4.75,59.4,4.29,4.29
531,Tacko Fall,63.636363636363626,60.0,90.9090909090909,100.0,inf,0.0,0.46,0.46
532,Taj Gibson,73.68421052631578,67.6,54.54545454545454,93.75,1.0,60.0,0.41,0.41
533,Talen Horton-Tucker,69.3877551020408,40.6,52.0,43.333333333333336,2.6296296296296293,35.4,2.69,2.69
534,Taurean Prince,63.1578947368421,69.2,30.136986301369866,73.68421052631578,1.8,33.9,1.02,1.02
535,Terance Mann,68.08510638297872,51.9,51.85185185185185,51.76470588235295,1.7142857142857144,43.3,2.68,2.68
536,Terence Davis,76.47058823529412,56.3,36.53846153846154,52.80898876404494,1.625,35.4,2.3,2.3
537,Terrence Ross,48.0,52.4,27.999999999999996,52.27272727272726,0.975,25.3,1.79,1.79
538,Terry Rozier,57.37704918032788,43.9,33.160621761658035,54.37499999999999,1.9056603773584906,48.3,3.11,3.11
539,Terry Taylor,75.47169811320755,66.7,75.0,83.5820895522388,4.0,34.6,0.73,0.73
540,Thaddeus Young,65.85365853658539,52.4,74.19354838709677,69.23076923076923,3.3333333333333335,23.1,0.85,0.85
541,Thanasis Antetokounmpo,88.46153846153847,63.2,83.33333333333333,66.66666666666666,5.0,34.8,1.53,1.53
542,Theo Maledon,38.70967741935484,45.3,39.436619718309856,48.387096774193544,4.692307692307692,43.3,2.94,2.94
543,Theo Pinson,25.0,25.0,16.0,71.42857142857143,0.8333333333333334,11.1,1.27,1.27
544,Thomas Bryant,80.64516129032258,73.8,54.05405405405405,92.72727272727273,1.3333333333333335,30.0,0.41,0.41
545,Tim Frazier,27.27272727272727,37.5,30.303030303030305,42.10526315789474,1.8333333333333333,52.5,4.02,4.02
546,Tim Hardaway Jr.,57.692307692307686,66.4,19.718309859154928,60.31746031746032,0.5098039215686275,29.4,1.49,1.49
547,Timothe Luwawu-Cabarrot,83.33333333333334,70.0,27.27272727272727,80.55555555555556,4.0,42.9,0.86,0.86
548,Tobias Harris,48.837209302325576,44.4,54.65116279069767,46.42857142857143,2.5555555555555554,32.4,2.0,2.0
549,Tomas Satoransky,52.63157894736842,44.3,49.99999999999999,45.714285714285715,4.5,60.6,4.0,4.0
550,Tony Bradley,80.95238095238095,75.0,86.66666666666667,100.0,inf,0.0,0.35,0.35
551,Tony Snell,57.14285714285715,75.0,22.857142857142858,90.62500000000001,2.666666666666667,53.3,0.58,0.58
552,Torrey Craig,72.72727272727273,58.5,42.42424242424243,78.94736842105263,1.875,37.5,0.89,0.89
553,Trae Young,45.45454545454545,14.2,31.690140845070424,13.30049261083744,1.4416666666666667,39.0,5.79,5.79
554,Trayvon Palmer,0.0,0.0,,,,0.0,0.73,0.73
555,Tre Jones,50.0,45.5,66.66666666666666,36.73469387755102,3.533333333333333,40.4,4.05,4.05
556,Tre Mann,37.5,28.6,34.61538461538461,34.6938775510204,1.5777777777777777,38.3,2.97,2.97
557,Tremont Waters,30.0,0.0,18.181818181818183,,1.5151515151515151,53.3,4.25,4.25
558,Trendon Watford,57.777777777777786,57.9,71.05263157894738,66.07142857142858,3.833333333333333,33.3,1.15,1.15
559,Trent Forrest,50.0,22.5,66.66666666666667,26.923076923076923,16.666666666666668,49.7,4.56,4.56
560,Trevelin Queen,88.8888888888889,50.0,27.906976744186046,69.69696969696969,0.6363636363636362,42.9,1.45,1.45
561,Trevon Scott,75.0,66.7,166.66666666666669,50.0,3.0,0.0,1.11,1.11
562,Trevor Ariza,90.0,76.9,25.0,92.6829268292683,4.0,53.6,0.58,0.58
563,Trey Burke,41.17647058823529,25.9,31.37254901960785,37.254901960784316,1.24,43.5,4.5,4.5
564,Trey Lyles,67.5,60.0,45.714285714285715,72.00000000000001,4.222222222222222,34.2,0.87,0.87
565,Trey Murphy III,76.92307692307692,57.9,22.22222222222222,86.66666666666667,2.75,42.4,0.89,0.89
566,Tristan Thompson,58.69565217391305,65.7,83.33333333333334,80.85106382978722,8.0,14.0,0.62,0.62
567,Troy Brown Jr.,76.47058823529412,67.2,37.2093023255814,74.35897435897436,3.25,40.0,1.18,1.18
568,Ty Jerome,25.925925925925924,30.0,36.61971830985916,52.94117647058824,2.761904761904762,45.3,3.08,3.08
569,Tyler Cook,84.21052631578947,78.3,70.58823529411765,89.47368421052632,inf,20.0,0.4,0.4
570,Tyler Hall,,0.0,,,,0.0,1.0,1.0
571,Tyler Herro,47.61904761904762,33.4,31.88405797101449,37.64705882352941,1.4390243902439026,39.5,3.83,3.83
572,Tyler Johnson,,100.0,0.0,75.75757575757575,0.5,66.7,2.26,2.26
573,Tyrell Terry,,0.0,0.0,,0.0,0.0,4.25,4.25
574,Tyrese Haliburton,42.22222222222222,27.9,31.372549019607842,30.508474576271183,1.8906249999999998,53.6,3.74,3.74
575,Tyrese Maxey,58.57142857142856,45.0,43.42857142857143,33.83458646616541,1.7115384615384615,22.5,3.81,3.81
576,Tyrone Wallace,63.1578947368421,100.0,57.14285714285715,63.63636363636365,3.4,50.0,2.0,2.0
577,Tyus Jones,25.0,36.7,41.379310344827594,40.78947368421053,1.5588235294117647,29.5,4.51,4.51
578,Udoka Azubuike,83.87096774193549,89.2,97.87234042553192,93.10344827586208,,0.0,0.29,0.29
579,Udonis Haslem,80.0,76.9,64.0,91.66666666666667,0.5,0.0,0.39,0.39
580,Usman Garuba,90.0,57.1,60.0,88.88888888888889,2.9999999999999996,71.4,0.5,0.5
581,Vernon Carey Jr.,88.8888888888889,28.6,82.75862068965517,89.47368421052632,1.0,100.0,0.8,0.8
582,Victor Oladipo,70.58823529411765,25.0,30.645161290322577,36.26373626373626,1.7894736842105263,51.9,3.5,3.5
583,Vit Krejci,57.14285714285714,55.6,35.483870967741936,67.85714285714286,4.666666666666667,62.4,1.93,1.93
584,Vlatko Cancar,73.68421052631578,93.8,53.658536585365866,88.88888888888889,5.5,47.1,0.73,0.73
585,Wayne Ellington,60.0,87.5,8.955223880597016,90.9090909090909,0.5,64.3,0.86,0.86
586,Wayne Selden,0.0,0.0,0.0,46.15384615384615,5.666666666666667,20.0,1.93,1.93
587,Wendell Carter Jr.,65.07936507936508,60.9,54.666666666666664,80.9090909090909,2.545454545454545,23.9,0.5,0.5
588,Wenyen Gabriel,77.41935483870968,54.3,66.66666666666666,80.95238095238095,10.0,26.9,0.67,0.67
589,Wes Iwundu,100.0,60.0,19.17808219178082,66.66666666666666,2.3,42.9,0.94,0.94
590,Wesley Matthews,66.66666666666666,64.7,27.450980392156865,84.44444444444444,2.6,33.9,0.62,0.62
591,Will Barton,60.0,49.8,38.095238095238095,53.17460317460318,1.525,38.9,2.54,2.54
592,Willie Cauley-Stein,74.99999999999999,80.0,94.11764705882352,94.44444444444444,2.9999999999999996,40.0,0.48,0.48
593,Willy Hernangomez,71.42857142857143,68.7,72.52747252747253,87.6923076923077,1.0,18.2,0.5,0.5
594,Xavier Moon,54.54545454545454,15.0,13.793103448275861,39.21568627450981,0.5714285714285715,25.0,4.16,4.16
595,Xavier Sneed,50.0,0.0,33.333333333333336,81.81818181818181,0.5,0.0,0.54,0.54
596,Xavier Tillman,62.06896551724137,67.0,66.66666666666667,80.48780487804879,1.2,24.2,0.63,0.63
597,Yuta Watanabe,53.846153846153854,65.5,27.906976744186053,80.55555555555554,2.75,30.2,1.07,1.07
598,Yves Pons,57.14285714285715,0.0,36.36363636363637,,inf,66.7,0.68,0.68
599,Zach Collins,63.63636363636365,74.2,46.15384615384615,90.9090909090909,2.0,45.5,0.56,0.56
600,Zach LaVine,75.36231884057972,35.0,34.42622950819673,34.463276836158194,1.1647058823529413,27.8,3.75,3.75
601,Zavier Simpson,43.877551020408156,22.2,83.63636363636363,25.384615384615383,6.833333333333333,46.3,4.31,4.31
602,Zeke Nnaji,82.6086956521739,57.6,39.3939393939394,93.33333333333333,5.999999999999999,29.2,0.35,0.35
603,Ziaire Williams,63.636363636363626,80.0,34.567901234567906,80.88235294117648,0.8571428571428572,31.6,1.25,1.25
604,Zylan Cheatham,100.0,0.0,,,,0.0,0.17,0.17
