,Player,Team,GP,W,L,MIN,PTS,TOUCHES,Front CT Touches,Time Of Poss,Avg Sec Per Touch,Avg Drib Per Touch,PTS Per Touch,Elbow Touches,Post Ups,Paint Touches,PTS Per Elbow Touch,PTS Per Post Touch,PTS Per Paint Touch
0,Aaron Gordon,DEN,75,46,29,31.7,15.0,42.3,27.5,2.0,2.77,1.89,0.355,1.7,2.1,5.1,0.653,0.66,1.075
1,Aaron Henry,PHI,6,6,0,2.8,0.3,2.8,1.8,0.1,1.96,1.0,0.118,0.3,0.0,0.2,1.0,0.0,0.0
2,Aaron Holiday,PHX,63,34,29,16.2,6.3,31.4,12.2,2.4,4.63,4.32,0.202,0.2,0.0,0.4,0.583,0.0,0.652
3,Aaron Nesmith,BOS,52,32,20,11.0,3.8,15.4,8.2,0.5,1.88,0.99,0.244,0.2,0.0,0.3,0.625,0.0,1.0
4,Aaron Wiggins,OKC,50,13,37,24.2,8.3,25.1,17.5,0.9,2.12,1.47,0.332,0.3,0.0,1.6,0.824,1.5,1.0
5,Abdel Nader,PHX,14,11,3,10.4,2.4,9.9,5.8,0.3,1.86,1.14,0.246,0.1,0.0,0.5,0.0,0.0,0.857
6,Ade Murkey,SAC,1,0,1,1.5,0.0,0.0,0.0,0.0,0.0,0.0,0.0,0.0,0.0,0.0,0.0,0.0,0.0
7,Admiral Schofield,ORL,38,10,28,12.3,3.8,19.4,8.9,0.5,1.59,0.63,0.198,0.2,0.1,0.8,0.667,0.0,0.516
8,Ahmad Caver,IND,1,0,1,0.9,2.0,2.0,0.0,0.2,5.18,4.5,1.0,0.0,0.0,0.0,0.0,0.0,0.0
9,Al Horford,BOS,68,46,22,29.0,10.2,49.4,29.4,1.4,1.73,0.64,0.207,2.2,1.9,3.9,0.318,0.55,0.791
10,Alec Burks,NYK,80,36,44,28.5,11.8,56.1,26.0,3.5,3.74,3.06,0.21,0.4,0.1,0.5,0.333,0.8,0.487
11,Aleem Ford,ORL,5,2,3,14.7,2.8,18.4,9.4,0.4,1.44,0.6,0.152,0.0,0.0,0.2,0.0,0.0,2.0
12,Aleksej Pokusevski,OKC,61,19,42,20.2,7.6,38.0,21.1,1.4,2.23,1.41,0.2,0.6,0.0,1.8,0.632,0.667,0.847
13,Alex Caruso,CHI,41,24,17,28.0,7.4,50.5,20.3,2.8,3.3,2.67,0.147,0.8,0.0,1.4,0.353,0.0,0.797
14,Alex Len,SAC,39,17,22,15.9,6.0,24.2,15.3,0.6,1.47,0.48,0.249,2.7,0.4,4.8,0.589,0.176,0.844
15,Alfonzo McKinnie,CHI,17,8,9,12.1,3.5,13.6,7.6,0.4,1.6,0.74,0.255,0.2,0.0,1.1,0.0,0.0,0.842
16,Alize Johnson,NOP,23,14,9,7.3,1.8,10.7,5.6,0.4,2.07,0.87,0.166,0.6,0.0,1.7,0.286,0.0,0.725
17,Alperen Sengun,HOU,72,18,54,20.7,9.6,37.7,26.2,1.5,2.36,1.03,0.255,2.2,2.9,4.1,0.578,0.58,0.801
18,Amir Coffey,LAC,68,33,35,22.7,9.0,29.1,17.9,1.3,2.75,1.66,0.308,0.1,0.0,0.4,0.5,0.0,0.8
19,Andre Drummond,BKN,73,42,31,19.7,7.9,29.2,18.8,0.8,1.75,0.67,0.273,2.1,1.1,6.6,0.342,0.563,0.877
20,Andre Iguodala,GSW,30,20,10,19.4,4.0,37.1,19.7,1.8,2.89,1.74,0.107,0.9,0.4,2.1,0.222,0.182,0.371
21,Andrew Wiggins,GSW,72,47,25,31.9,17.2,46.9,30.9,2.3,2.96,2.15,0.366,0.6,1.7,2.7,0.93,0.52,0.908
22,Anfernee Simons,POR,57,25,32,29.5,17.3,61.3,25.3,5.3,5.2,4.62,0.283,0.3,0.0,0.4,0.556,0.0,0.476
23,Anthony Davis,LAL,40,17,23,35.1,23.2,68.8,43.3,2.6,2.3,0.99,0.337,5.8,6.3,10.0,0.509,0.548,1.01
24,Anthony Edwards,MIN,72,39,33,34.2,21.3,61.5,31.2,4.3,4.15,3.6,0.346,0.9,0.2,1.2,0.645,0.125,0.685
25,Anthony Gill,WAS,44,15,29,10.5,4.1,11.9,8.4,0.3,1.73,0.7,0.344,0.6,0.1,1.5,0.84,0.8,0.969
26,Anthony Lamb,HOU,2,0,2,3.8,0.0,8.5,3.0,0.3,2.37,1.77,0.0,0.0,0.0,0.0,0.0,0.0,0.0
27,Armoni Brooks,TOR,54,20,34,15.6,5.3,23.2,15.1,0.9,2.32,1.56,0.23,0.1,0.0,0.3,0.0,0.0,0.688
28,Arnoldas Kulboka,CHA,2,2,0,2.6,0.0,1.5,1.0,0.0,0.89,0.33,0.0,0.0,0.0,0.0,0.0,0.0,0.0
29,Austin Reaves,LAL,61,28,33,23.2,7.3,32.1,16.8,1.4,2.53,1.75,0.227,0.5,0.0,1.2,0.452,2.0,0.703
30,Austin Rivers,DEN,67,41,26,22.1,6.0,25.3,17.3,1.2,2.74,1.79,0.237,0.3,0.0,0.3,0.444,0.0,0.522
31,Avery Bradley,LAL,62,27,35,22.7,6.4,22.8,14.6,0.6,1.63,1.02,0.279,0.3,0.0,1.4,0.526,0.0,0.69
32,Ayo Dosunmu,CHI,77,42,35,27.4,8.8,41.4,17.9,2.5,3.67,3.29,0.213,0.4,0.0,0.5,0.613,0.0,1.216
33,BJ Johnson,ORL,4,2,2,16.1,6.5,18.0,10.0,0.6,2.01,1.0,0.361,0.5,0.0,1.8,1.0,0.0,0.286
34,Bam Adebayo,MIA,56,36,20,32.6,19.1,65.0,38.3,2.9,2.65,1.44,0.293,5.1,3.7,7.7,0.535,0.527,0.926
35,Ben McLemore,POR,64,20,44,20.1,10.2,27.3,19.0,0.8,1.77,0.93,0.376,0.5,0.0,0.6,0.719,0.0,1.054
36,Bismack Biyombo,PHX,35,29,6,14.1,6.0,21.0,11.1,0.6,1.59,0.38,0.286,2.4,0.5,5.3,0.659,0.947,0.816
37,Blake Griffin,BKN,56,29,27,17.1,6.4,30.4,17.7,1.0,1.91,0.87,0.211,2.0,0.9,2.7,0.438,0.531,0.868
38,Boban Marjanovic,DAL,23,15,8,5.6,4.3,9.0,5.7,0.3,1.9,0.63,0.476,0.7,2.4,2.6,0.875,0.857,0.933
39,Bobby Portis,MIL,72,46,26,28.2,14.6,44.3,22.1,1.1,1.54,0.57,0.33,1.3,1.7,4.5,0.638,0.602,0.853
40,Bogdan Bogdanovic,ATL,63,33,30,29.3,15.1,43.0,26.7,2.0,2.85,1.99,0.351,0.4,0.2,0.5,0.741,0.583,0.774
41,Bojan Bogdanovic,UTA,69,45,24,30.9,18.1,40.7,28.1,1.5,2.18,1.41,0.444,0.5,1.5,1.5,1.088,0.713,1.058
42,Bol Bol,ORL,14,5,9,5.8,2.4,7.6,5.0,0.2,1.7,0.89,0.308,0.2,0.2,0.8,1.333,0.667,1.273
43,Bones Hyland,DEN,69,41,28,19.0,10.1,43.4,19.0,2.8,3.81,3.15,0.233,0.4,0.0,0.4,1.129,0.0,0.92
44,Brad Wanamaker,WAS,23,10,13,13.9,3.6,30.8,13.0,2.2,4.36,4.08,0.117,0.3,0.0,0.5,0.571,0.0,0.5
45,Bradley Beal,WAS,40,17,23,36.0,23.2,74.7,43.1,5.5,4.43,3.86,0.311,1.4,0.4,1.5,0.75,0.533,0.984
46,Brandon Boston Jr.,LAC,50,26,24,14.8,6.7,21.7,11.7,1.0,2.75,2.2,0.307,0.2,0.0,0.6,0.889,0.0,1.179
47,Brandon Clarke,MEM,63,43,20,19.4,10.4,26.0,16.2,0.7,1.5,0.68,0.4,2.9,0.2,5.4,0.697,0.6,1.088
48,Brandon Goodwin,CLE,36,19,17,13.9,4.8,34.7,12.6,2.9,5.08,4.61,0.137,0.2,0.0,0.4,0.0,0.0,0.563
49,Brandon Ingram,NOP,54,28,26,34.0,22.5,64.4,41.3,4.2,3.95,2.87,0.349,1.9,1.4,1.2,0.689,0.568,0.894
50,Brandon Knight,DAL,5,2,3,12.9,6.4,28.0,12.8,2.2,4.62,4.73,0.229,0.0,0.0,0.2,0.0,0.0,2.0
51,Brandon Williams,POR,24,2,22,26.7,12.9,59.8,25.8,4.6,4.57,4.31,0.215,0.5,0.0,0.5,0.538,0.0,0.583
52,Braxton Key,DET,11,5,6,17.9,7.2,31.5,16.6,0.9,1.65,0.86,0.228,0.6,0.2,2.5,0.857,1.0,0.926
53,Brodric Thomas,BOS,12,8,4,5.0,1.8,7.6,3.3,0.5,4.04,3.74,0.231,0.2,0.0,0.3,0.0,0.0,0.5
54,Brook Lopez,MIL,13,10,3,23.0,12.4,24.4,17.8,0.6,1.49,0.39,0.508,1.8,1.5,4.6,0.565,0.474,1.017
55,Bruce Brown,BKN,72,37,35,24.6,9.0,37.3,17.4,1.5,2.42,1.63,0.241,1.9,0.0,3.7,0.583,1.333,0.708
56,Bruno Fernando,HOU,30,15,15,5.1,2.9,9.1,4.9,0.2,1.57,0.57,0.321,0.7,0.3,1.6,0.7,0.9,1.063
57,Bryn Forbes,DEN,75,36,39,17.1,8.8,22.5,17.5,0.8,2.08,1.42,0.393,0.2,0.0,0.1,0.667,0.0,0.818
58,Buddy Hield,IND,80,25,55,30.9,15.5,54.2,32.2,2.3,2.54,1.87,0.286,0.3,0.0,0.8,0.64,0.0,0.697
59,CJ Elleby,POR,58,17,41,20.2,5.8,24.4,14.1,1.0,2.35,1.53,0.239,0.4,0.0,1.7,0.652,0.0,0.74
60,CJ McCollum,NOP,62,28,34,34.6,22.1,66.8,33.9,5.0,4.48,3.92,0.331,0.8,0.0,0.9,0.49,2.0,0.6
61,CJ Miles,BOS,1,1,0,2.0,0.0,1.0,1.0,0.0,2.2,1.0,0.0,0.0,0.0,0.0,0.0,0.0,0.0
62,Cade Cunningham,DET,63,20,43,32.6,17.5,77.0,30.5,5.8,4.54,3.9,0.227,0.7,0.3,1.2,0.61,0.4,0.6
63,Caleb Martin,MIA,60,37,23,22.9,9.2,26.6,16.2,1.0,2.22,1.28,0.345,0.8,0.0,2.3,0.604,0.0,0.629
64,Cam Reddish,NYK,49,20,29,20.7,10.1,23.2,16.8,1.0,2.52,1.62,0.436,0.5,0.0,0.7,0.462,0.0,0.875
65,Cam Thomas,BKN,67,32,35,17.6,8.5,25.2,12.1,1.5,3.49,2.85,0.338,0.2,0.0,0.3,0.833,0.0,0.941
66,Cameron Johnson,PHX,65,49,16,26.1,12.3,33.3,20.0,0.9,1.71,1.01,0.368,0.7,0.0,0.9,0.682,0.0,0.918
67,Cameron McGriff,POR,3,0,3,15.3,4.7,18.3,9.7,0.6,2.13,1.33,0.255,0.0,0.0,1.3,0.0,0.0,1.25
68,Cameron Oliver,ATL,2,1,1,21.6,11.5,30.5,14.0,0.7,1.32,0.31,0.377,2.5,0.5,4.5,1.2,0.0,1.222
69,Cameron Payne,PHX,57,45,12,22.1,10.8,52.0,17.8,4.6,5.28,4.47,0.208,0.2,0.0,0.4,0.538,0.0,0.667
70,Caris LeVert,CLE,58,23,35,30.7,17.0,62.8,35.2,4.3,4.07,3.63,0.271,0.7,0.2,1.3,0.667,0.636,0.74
71,Carlik Jones,DEN,5,3,2,4.7,0.8,8.4,3.4,0.7,5.22,4.72,0.095,0.0,0.0,0.2,0.0,0.0,0.0
72,Carmelo Anthony,LAL,69,27,42,26.0,13.3,34.0,22.6,1.1,1.89,0.68,0.392,0.7,2.6,1.6,0.36,0.699,1.062
73,Carsen Edwards,DET,4,1,3,19.8,5.8,39.0,16.8,2.6,3.97,3.74,0.147,0.0,0.0,0.3,0.0,0.0,0.0
74,Cassius Stanley,DET,9,3,6,17.2,5.8,18.9,11.2,0.7,2.22,1.59,0.306,0.4,0.0,1.2,0.5,0.0,0.727
75,Cassius Winston,WAS,7,1,6,5.6,2.0,13.3,5.3,0.9,4.11,3.71,0.151,0.0,0.0,0.1,0.0,0.0,0.0
76,Cat Barber,ATL,3,0,3,4.3,0.0,10.0,3.3,0.8,4.98,4.64,0.0,0.0,0.0,0.7,0.0,0.0,0.0
77,Cedi Osman,CLE,66,37,29,22.1,10.7,35.6,26.0,1.5,2.55,1.65,0.302,0.6,0.0,0.9,0.769,1.0,0.965
78,Chandler Hutchison,PHX,6,4,2,3.7,0.7,4.5,2.2,0.2,2.26,1.41,0.148,0.0,0.0,0.3,0.0,0.0,1.0
79,Charles Bassey,PHI,23,11,12,7.3,3.0,10.8,6.1,0.3,1.57,0.61,0.278,0.7,0.2,1.9,0.667,0.5,1.091
80,Charlie Brown Jr.,PHI,22,16,6,8.1,1.4,7.5,4.0,0.2,1.54,0.67,0.183,0.2,0.0,1.1,0.5,0.0,0.375
81,Chaundee Brown Jr.,ATL,5,1,4,20.7,6.2,23.0,10.2,0.7,1.79,0.93,0.27,0.2,0.0,0.2,2.0,0.0,0.0
82,Cheick Diallo,DET,3,0,3,10.2,3.7,18.7,8.0,0.6,2.09,0.77,0.196,1.7,0.3,2.3,0.0,2.0,0.857
83,Chimezie Metu,SAC,59,22,37,21.6,9.0,33.6,18.2,1.0,1.78,0.74,0.268,0.6,0.6,2.1,0.303,0.722,1.081
84,Chris Boucher,TOR,80,48,32,21.1,9.4,26.4,15.0,0.7,1.58,0.48,0.357,0.8,0.1,4.7,0.968,0.273,0.96
85,Chris Chiozza,GSW,33,21,12,11.2,2.0,25.8,11.3,1.7,3.93,3.32,0.079,0.2,0.0,0.1,0.0,0.0,0.0
86,Chris Duarte,IND,55,21,34,28.0,13.1,49.3,29.4,2.3,2.76,2.12,0.265,0.6,0.0,1.0,0.686,0.0,0.821
87,Chris Paul,PHX,64,52,12,32.9,14.8,75.0,23.6,7.4,5.88,5.21,0.197,0.3,0.2,0.3,0.375,0.727,0.125
88,Chris Silva,MIA,10,7,3,9.1,2.6,14.5,6.3,0.4,1.63,0.37,0.179,0.9,0.4,2.4,1.222,0.5,0.792
89,Christian Wood,HOU,68,19,49,30.8,17.9,56.8,30.7,2.3,2.4,1.18,0.315,2.7,2.2,5.2,0.617,0.639,1.0
90,Chuma Okeke,ORL,70,21,49,25.0,8.6,37.2,17.6,1.4,2.18,1.48,0.232,0.4,0.2,1.1,0.793,0.429,0.72
91,Clint Capela,ATL,74,40,34,27.6,11.1,38.8,19.5,0.9,1.35,0.26,0.286,2.9,0.4,9.9,0.338,0.656,0.959
92,Coby White,CHI,61,32,29,27.5,12.7,45.1,19.9,2.8,3.78,3.1,0.281,0.4,0.0,0.3,0.704,0.0,0.556
93,Cody Martin,CHA,70,41,29,26.4,7.6,35.1,19.7,1.4,2.43,1.59,0.217,0.6,0.1,1.7,0.81,0.0,0.526
94,Cody Zeller,POR,27,13,14,13.1,5.2,18.9,10.3,0.5,1.62,0.63,0.275,1.6,0.0,3.4,0.476,2.0,0.75
95,Cole Anthony,ORL,65,18,47,31.7,16.3,76.2,24.8,6.3,4.99,4.41,0.214,0.3,0.0,0.6,0.421,2.0,0.786
96,Collin Sexton,CLE,11,7,4,28.8,16.0,48.5,28.9,3.4,4.21,3.66,0.33,0.6,0.0,1.9,0.857,0.0,1.19
97,Corey Kispert,WAS,77,31,46,23.4,8.2,26.6,18.0,0.7,1.48,0.6,0.309,0.5,0.0,1.4,1.0,0.0,1.01
98,Cory Joseph,DET,65,19,46,24.6,8.0,51.9,21.7,3.8,4.34,4.21,0.154,0.4,0.1,0.7,0.308,0.4,0.652
99,Craig Sword,WAS,3,1,2,6.3,2.0,7.0,5.0,0.2,1.44,0.95,0.286,0.0,0.0,0.0,0.0,0.0,0.0
100,D'Angelo Russell,MIN,65,39,26,31.9,18.1,76.2,32.9,5.4,4.28,3.47,0.237,0.7,0.2,0.6,0.591,0.167,0.872
101,D.J. Augustin,LAL,55,15,40,16.1,5.3,31.1,12.5,2.5,4.82,4.79,0.172,0.1,0.0,0.1,0.857,0.0,0.571
102,D.J. Wilson,TOR,4,2,2,13.5,7.5,24.5,10.3,0.7,1.82,0.73,0.306,1.0,0.3,1.8,1.0,2.0,1.286
103,DaQuan Jeffries,MEM,2,2,0,2.2,0.0,4.0,2.5,0.2,2.38,1.13,0.0,0.0,0.0,0.0,0.0,0.0,0.0
104,Daishen Nix,HOU,24,3,21,10.9,3.2,21.9,8.5,1.6,4.26,3.8,0.147,0.2,0.0,0.5,1.0,0.0,0.417
105,Dakota Mathias,MEM,5,4,1,2.6,0.0,3.2,2.2,0.1,2.41,1.62,0.0,0.0,0.0,0.2,0.0,0.0,0.0
106,Dalano Banton,TOR,64,37,27,10.9,3.2,24.1,10.4,1.5,3.86,2.95,0.133,0.3,0.0,0.9,0.412,0.0,0.667
107,Damian Jones,SAC,55,18,37,18.4,8.3,26.6,16.7,0.7,1.6,0.46,0.311,2.7,0.5,4.1,0.836,0.586,1.075
108,Damian Lillard,POR,29,12,17,36.4,24.0,82.1,33.2,7.2,5.29,4.75,0.292,0.4,0.2,0.7,0.615,0.4,0.842
109,Damion Lee,GSW,62,41,21,19.8,7.3,28.4,19.0,1.0,2.09,1.27,0.258,0.4,0.0,0.8,0.76,0.0,1.096
110,Damyean Dotson,NYK,2,1,1,10.3,2.0,10.5,7.0,0.4,2.2,1.38,0.19,0.0,0.0,0.0,0.0,0.0,0.0
111,Daniel Gafford,WAS,72,30,42,20.1,9.4,31.4,17.5,0.8,1.57,0.32,0.3,2.7,0.5,6.5,0.518,0.692,1.128
112,Daniel Oturu,TOR,3,1,2,9.1,3.0,9.0,5.0,0.3,2.16,0.67,0.333,1.3,0.0,0.7,0.25,0.0,1.0
113,Daniel Theis,BOS,47,20,27,20.8,8.2,29.0,18.0,0.7,1.44,0.32,0.282,1.4,0.3,4.0,0.723,1.083,0.968
114,Danilo Gallinari,ATL,66,35,31,25.3,11.7,39.2,22.1,1.6,2.45,1.09,0.298,0.9,2.2,1.3,0.678,0.767,0.94
115,Danny Green,PHI,62,37,25,21.8,5.9,27.8,14.8,0.7,1.48,0.58,0.212,0.1,0.0,0.6,0.2,0.0,0.657
116,Danuel House Jr.,UTA,42,18,24,17.3,5.9,22.1,11.3,0.8,2.09,1.12,0.267,0.2,0.0,0.6,0.6,0.0,0.769
117,Darius Bazley,OKC,69,19,50,27.9,10.8,43.9,23.1,1.7,2.34,1.42,0.246,1.2,0.1,2.4,0.744,0.667,0.884
118,Darius Garland,CLE,68,37,31,35.7,21.7,85.6,33.5,7.7,5.39,4.96,0.253,0.8,0.0,0.9,0.561,0.0,0.644
119,Darren Collison,LAL,3,1,2,12.4,1.3,15.7,5.3,0.9,3.54,2.93,0.085,0.0,0.0,0.0,0.0,0.0,0.0
120,David Duke Jr.,BKN,22,10,12,15.5,4.7,19.3,10.5,0.8,2.6,1.87,0.245,0.2,0.0,1.8,0.8,0.0,0.949
121,David Johnson,TOR,2,2,0,1.0,0.0,1.5,0.5,0.1,4.48,3.0,0.0,0.0,0.0,0.0,0.0,0.0,0.0
122,David Nwaba,HOU,46,6,40,13.2,5.1,17.1,8.1,0.6,2.23,1.34,0.296,0.3,0.0,1.3,0.467,0.0,1.0
123,Davion Mitchell,SAC,74,27,47,27.7,11.4,49.6,22.3,3.8,4.64,4.52,0.229,0.1,0.0,0.2,0.222,0.0,0.278
124,Davis Bertans,DAL,56,32,24,14.4,5.6,16.8,10.8,0.4,1.29,0.52,0.332,0.4,0.0,0.6,0.636,0.0,0.636
125,Davon Reed,DEN,48,29,19,13.9,4.4,22.4,10.8,0.8,2.27,1.43,0.194,0.4,0.0,0.6,0.632,0.0,0.667
126,Day'Ron Sharpe,BKN,32,12,20,12.2,6.2,19.0,11.8,0.5,1.49,0.46,0.325,1.4,0.7,5.5,0.273,0.522,0.874
127,De'Aaron Fox,SAC,58,21,37,35.4,23.2,82.8,31.3,6.3,4.57,4.04,0.28,0.4,0.3,0.5,0.864,0.563,0.862
128,De'Andre Hunter,ATL,53,28,25,29.8,13.4,32.5,21.7,1.2,2.21,1.31,0.412,0.8,0.5,1.2,0.875,0.679,1.106
129,De'Anthony Melton,MEM,72,48,24,22.7,10.9,43.1,20.6,2.2,3.05,2.16,0.254,0.5,0.0,1.1,0.743,0.0,0.641
130,DeAndre Jordan,PHI,48,26,22,13.0,4.3,16.6,8.0,0.3,1.24,0.2,0.258,1.1,0.2,4.1,0.192,0.5,0.98
131,DeAndre' Bembry,MIL,56,31,25,18.3,5.1,20.9,10.7,0.7,2.13,1.23,0.243,0.6,0.0,2.0,0.559,0.0,0.752
132,DeJon Jarreau,IND,1,0,1,0.9,0.0,2.0,1.0,0.1,3.86,3.0,0.0,0.0,0.0,0.0,0.0,0.0,0.0
133,DeMar DeRozan,CHI,76,43,33,36.1,27.9,61.4,33.8,5.5,5.37,4.6,0.454,1.4,1.7,1.2,0.71,0.75,0.852
134,DeMarcus Cousins,DEN,48,33,15,14.9,9.0,31.8,19.5,1.0,1.87,0.64,0.282,2.0,2.0,3.1,0.553,0.589,0.913
135,Dean Wade,CLE,51,27,24,19.2,5.3,25.1,16.2,0.7,1.68,0.46,0.21,0.5,0.0,1.1,0.087,0.0,0.818
136,Deandre Ayton,PHX,58,46,12,29.5,17.2,42.6,23.7,1.1,1.54,0.41,0.404,4.8,2.8,10.9,0.809,0.87,1.107
137,Deividas Sirvydis,DET,3,1,2,8.9,1.0,10.7,6.0,0.3,1.55,0.69,0.094,0.3,0.0,1.0,0.0,0.0,0.0
138,Dejounte Murray,SAS,68,30,38,34.8,21.1,87.5,29.1,7.4,5.06,4.67,0.242,0.6,0.1,1.7,0.476,0.333,0.661
139,Delon Wright,ATL,77,42,35,18.9,4.4,33.4,12.1,2.5,4.56,3.96,0.133,0.1,0.0,0.8,1.182,0.0,0.672
140,Deni Avdija,WAS,82,35,47,24.2,8.4,38.1,18.7,1.6,2.45,1.62,0.219,0.6,0.3,1.4,0.592,0.5,0.929
141,Dennis Schroder,HOU,63,32,31,28.7,13.4,67.1,27.1,5.5,4.89,4.11,0.2,0.2,0.0,0.3,0.333,0.0,0.273
142,Dennis Smith Jr.,POR,37,15,22,17.3,5.6,41.5,14.7,3.4,4.87,4.41,0.134,0.3,0.0,0.6,0.5,0.0,0.75
143,Denzel Valentine,UTA,24,14,10,9.2,2.9,13.8,10.0,0.5,2.11,1.36,0.208,0.1,0.0,0.5,0.667,0.0,0.182
144,Derrick Favors,OKC,39,15,24,16.7,5.3,25.1,17.3,0.5,1.13,0.16,0.211,2.7,0.2,4.2,0.548,0.333,0.742
145,Derrick Jones Jr.,CHI,51,28,23,17.6,5.6,20.6,9.0,0.5,1.41,0.41,0.272,1.0,0.0,2.4,0.679,0.0,0.935
146,Derrick Rose,NYK,26,11,15,24.5,12.0,54.3,22.0,4.2,4.68,4.09,0.22,0.5,0.0,0.7,0.308,0.0,0.526
147,Derrick Walton Jr.,DET,3,1,2,36.1,6.3,78.0,25.7,6.5,4.99,4.63,0.081,1.3,0.0,0.3,0.0,0.0,0.0
148,Derrick White,BOS,75,40,35,29.3,13.2,51.8,26.5,3.4,3.9,3.34,0.256,0.4,0.0,0.7,0.778,0.0,0.82
149,Desmond Bane,MEM,76,53,23,29.8,18.2,57.7,30.2,2.6,2.74,1.75,0.316,0.7,0.0,0.9,0.824,0.0,1.028
150,Devin Booker,PHX,67,55,12,34.5,27.0,56.2,33.0,4.2,4.48,3.65,0.481,1.5,0.7,1.6,0.6,0.44,0.764
151,Devin Cannady,ORL,5,2,3,28.9,10.0,34.6,22.4,1.3,2.26,1.55,0.289,0.0,0.0,0.2,0.0,0.0,0.0
152,Devin Vassell,SAS,71,29,42,27.3,12.3,37.1,24.0,1.3,2.07,1.23,0.331,0.7,0.0,0.8,0.979,0.0,0.93
153,Devon Dotson,CHI,11,5,6,7.7,2.6,15.9,7.0,1.1,4.29,3.59,0.166,0.3,0.0,0.1,0.0,0.0,0.0
154,Devontae Cacok,SAS,15,5,10,8.1,3.1,13.9,5.7,0.4,1.71,0.7,0.22,0.8,0.3,1.5,1.333,0.5,0.955
155,Devonte' Graham,NOP,75,33,42,28.4,11.9,61.0,27.2,4.2,4.17,3.47,0.196,0.2,0.0,0.3,0.375,0.0,0.174
156,Dewayne Dedmon,MIA,67,43,24,15.9,6.3,24.9,12.6,0.7,1.67,0.41,0.253,1.7,0.4,4.1,0.605,0.571,0.938
157,Didi Louzada,POR,9,0,9,14.4,3.9,17.3,11.6,0.7,2.55,1.44,0.224,0.0,0.0,0.4,0.0,0.0,0.5
158,Dillon Brooks,MEM,31,21,10,27.8,18.5,45.0,30.9,2.3,3.1,2.15,0.41,0.9,0.6,1.1,0.964,0.895,0.829
159,Domantas Sabonis,SAC,62,21,41,34.4,18.9,78.6,46.1,2.9,2.22,1.25,0.24,6.8,4.8,10.5,0.585,0.4,0.877
160,Donovan Mitchell,UTA,67,41,26,33.8,25.9,70.5,29.6,6.2,5.31,4.76,0.367,0.4,0.0,0.9,0.75,0.0,0.814
161,Donte DiVincenzo,SAC,42,21,21,23.9,9.0,41.9,19.3,2.1,3.04,2.32,0.216,0.5,0.0,1.6,0.2,0.0,0.667
162,Dorian Finney-Smith,DAL,80,51,29,33.0,11.0,41.8,25.8,1.2,1.79,0.87,0.263,0.9,0.1,2.2,0.609,1.0,0.704
163,Doug McDermott,SAS,51,21,30,24.0,11.3,29.8,22.3,0.8,1.67,0.78,0.38,0.4,0.0,0.8,0.8,0.0,0.952
164,Draymond Green,GSW,46,34,12,28.9,7.5,70.5,36.9,2.7,2.3,1.36,0.107,2.3,1.3,2.4,0.505,0.133,0.625
165,Drew Eubanks,POR,71,19,52,17.5,7.7,30.0,18.0,0.9,1.74,0.58,0.256,3.2,0.7,5.3,0.696,0.44,0.918
166,Duane Washington Jr.,IND,48,12,36,20.2,9.9,28.6,17.8,1.3,2.68,2.23,0.345,0.3,0.0,0.3,1.417,0.0,0.733
167,Duncan Robinson,MIA,79,52,27,25.9,10.9,34.2,25.5,0.9,1.57,0.59,0.319,0.3,0.0,0.9,0.423,0.0,0.696
168,Dwight Howard,LAL,60,21,39,16.2,6.2,23.4,10.9,0.5,1.41,0.36,0.265,1.8,0.3,5.3,0.333,1.059,0.994
169,Dwight Powell,DAL,82,52,30,21.9,8.7,30.2,17.8,0.8,1.51,0.45,0.289,1.9,0.1,6.4,0.408,1.364,1.067
170,Dylan Windler,CLE,50,28,22,9.2,2.2,13.3,8.9,0.4,1.64,0.55,0.165,0.0,0.0,0.6,0.0,0.0,0.677
171,Ed Davis,CLE,31,15,16,6.5,0.9,9.3,3.7,0.3,1.62,0.42,0.098,0.5,0.0,0.9,0.588,0.0,0.786
172,Elfrid Payton,PHX,49,38,11,10.9,2.9,21.9,8.4,1.7,4.75,4.31,0.134,0.3,0.0,0.6,0.308,0.0,0.567
173,Elijah Hughes,POR,36,15,21,12.1,3.5,16.6,9.1,0.6,2.27,1.37,0.211,0.1,0.0,0.2,0.0,0.0,1.0
174,Emanuel Terry,PHX,3,2,1,6.1,0.0,10.3,4.7,0.2,1.39,0.42,0.0,0.7,0.0,3.0,0.0,0.0,0.0
175,Emmanuel Mudiay,SAC,2,0,2,5.5,1.5,15.0,3.5,1.2,4.7,4.44,0.1,0.0,0.0,0.0,0.0,0.0,0.0
176,Enes Freedom,BOS,34,20,14,11.8,3.8,13.7,7.9,0.3,1.44,0.28,0.274,0.8,0.7,3.2,0.714,0.792,0.824
177,Eric Bledsoe,POR,53,27,26,25.0,9.9,55.2,20.6,4.2,4.59,3.92,0.179,0.4,0.0,0.6,0.421,0.0,0.433
178,Eric Gordon,HOU,57,19,38,29.3,13.4,46.2,23.6,3.1,3.99,3.32,0.291,0.3,0.0,0.4,0.5,1.5,0.85
179,Eric Paschall,UTA,58,36,22,12.7,5.8,18.4,9.8,0.6,1.88,0.83,0.314,0.3,0.1,1.0,0.95,0.667,1.0
180,Eugene Omoruyi,DAL,4,1,3,4.5,1.8,8.3,4.5,0.3,2.05,1.21,0.212,0.5,0.0,0.5,0.0,0.0,0.5
181,Evan Fournier,NYK,79,35,44,29.3,13.7,38.8,29.1,1.7,2.6,1.76,0.354,0.3,0.0,0.4,0.095,0.0,0.485
182,Evan Mobley,CLE,69,40,29,33.8,15.0,59.0,32.6,2.0,2.04,0.79,0.254,4.3,3.1,7.7,0.503,0.528,0.927
183,Facundo Campazzo,DEN,65,38,27,18.2,5.1,40.5,17.3,2.8,4.14,4.22,0.126,0.2,0.0,0.4,0.214,0.0,0.346
184,Feron Hunt,NYK,2,2,0,4.2,0.0,6.0,4.5,0.1,1.31,0.5,0.0,0.0,0.0,1.0,0.0,0.0,0.0
185,Frank Jackson,DET,53,9,44,22.0,10.6,26.7,20.8,0.9,1.96,1.34,0.395,0.4,0.0,0.7,0.87,0.0,1.583
186,Frank Kaminsky,PHX,9,8,1,20.1,10.6,35.1,19.9,0.9,1.52,0.48,0.301,3.7,1.6,4.7,0.879,0.214,1.095
187,Frank Ntilikina,DAL,58,34,24,11.8,4.1,20.1,11.3,1.1,3.15,2.38,0.205,0.1,0.0,0.2,0.667,0.0,0.615
188,Franz Wagner,ORL,79,21,58,30.7,15.2,46.5,29.2,2.4,3.08,2.37,0.326,0.8,0.4,1.7,0.906,0.483,0.887
189,Fred VanVleet,TOR,65,39,26,37.9,20.3,86.2,39.2,6.5,4.52,4.0,0.236,0.2,0.0,0.5,0.438,0.0,0.4
190,Freddie Gillespie,ORL,9,1,8,13.2,2.3,16.8,9.0,0.5,1.74,0.53,0.139,1.0,0.0,2.9,0.778,0.0,0.615
191,Furkan Korkmaz,PHI,67,44,23,21.1,7.6,31.5,20.0,1.6,3.01,2.54,0.241,0.1,0.0,0.5,0.5,0.0,1.167
192,Gabe Vincent,MIA,68,47,21,23.4,8.7,46.1,17.9,3.5,4.51,3.75,0.189,0.2,0.0,0.6,0.667,0.0,0.564
193,Gabe York,IND,2,0,2,10.6,4.0,14.5,10.0,0.4,1.55,0.93,0.276,0.5,0.0,0.0,1.0,0.0,0.0
194,Gabriel Deck,OKC,7,2,5,7.9,2.6,8.0,5.9,0.2,1.71,1.11,0.321,0.3,0.1,0.7,1.0,0.0,0.8
195,Gabriel Lundberg,PHX,4,1,3,11.0,3.3,23.5,15.8,1.1,2.92,2.36,0.138,0.8,0.0,0.8,0.0,0.0,0.0
196,Garrett Temple,NOP,58,22,36,18.6,5.2,23.8,14.8,0.8,2.03,1.32,0.22,0.5,0.0,0.8,0.448,0.0,0.755
197,Garrison Mathews,HOU,65,19,46,26.3,10.0,27.7,16.5,0.7,1.6,0.62,0.361,0.2,0.0,0.6,0.188,2.0,0.892
198,Gary Clark,NOP,37,19,18,9.8,2.5,11.8,6.2,0.3,1.64,0.57,0.209,0.1,0.1,0.6,0.0,0.667,0.227
199,Gary Harris,ORL,61,16,45,28.4,11.1,29.2,22.3,1.2,2.55,1.78,0.382,0.3,0.0,0.8,0.905,0.0,0.792
200,Gary Payton II,GSW,70,47,23,17.6,7.1,22.7,13.2,0.6,1.65,0.78,0.314,0.7,0.3,3.0,0.809,0.421,1.038
201,Gary Trent Jr.,TOR,70,44,26,35.0,18.3,42.4,30.5,2.0,2.85,2.26,0.432,0.5,0.1,0.8,0.514,1.2,0.424
202,George Hill,MIL,54,36,18,23.2,6.2,38.1,15.5,2.6,4.15,3.59,0.163,0.2,0.0,1.2,0.833,2.0,0.831
203,George King,DAL,4,2,2,4.8,0.3,4.8,3.0,0.1,1.32,0.58,0.053,0.0,0.0,0.3,0.0,0.0,0.0
204,Georges Niang,PHI,76,48,28,22.8,9.2,37.0,19.0,1.0,1.56,0.64,0.249,0.3,0.1,0.5,0.435,0.75,0.639
205,Georgios Kalaitzakis,OKC,13,8,5,16.4,6.6,23.1,15.2,1.1,2.79,2.04,0.287,0.4,0.0,1.2,0.4,0.0,0.875
206,Giannis Antetokounmpo,MIL,67,45,22,32.9,29.9,73.8,34.7,4.5,3.68,2.55,0.405,4.0,4.6,6.7,0.604,0.563,0.947
207,Goga Bitadze,IND,50,17,33,14.6,7.0,24.2,15.7,0.6,1.47,0.44,0.289,1.9,0.7,4.1,0.634,0.606,0.98
208,Goran Dragic,BKN,21,10,11,23.7,7.5,53.9,20.6,3.9,4.3,3.65,0.139,0.4,0.1,0.6,0.0,0.667,0.5
209,Gordon Hayward,CHA,48,26,22,31.9,15.7,54.7,35.2,2.5,2.77,1.83,0.287,1.3,1.0,2.6,0.841,0.438,0.624
210,Gorgui Dieng,ATL,44,23,21,8.4,3.5,15.3,9.1,0.4,1.73,0.66,0.228,0.8,0.2,1.5,0.417,0.625,0.552
211,Grant Williams,BOS,76,49,27,24.5,7.9,27.5,15.8,0.7,1.59,0.56,0.288,0.4,0.4,1.7,0.933,0.833,0.962
212,Grayson Allen,MIL,66,43,23,27.3,11.1,27.3,17.9,0.9,2.05,1.31,0.407,0.3,0.0,1.0,0.444,0.0,0.677
213,Greg Brown III,POR,48,14,34,13.3,4.7,16.1,9.0,0.5,1.82,0.79,0.291,0.4,0.0,1.6,0.947,0.0,1.051
214,Greg Monroe,MIN,14,7,7,13.9,5.4,20.0,13.4,0.6,1.72,0.47,0.271,2.0,1.6,4.4,0.357,0.227,0.885
215,Hamidou Diallo,DET,57,14,43,21.8,10.9,36.9,19.6,1.5,2.36,1.59,0.297,1.0,0.1,2.4,0.81,0.667,1.126
216,Harrison Barnes,SAC,76,26,50,33.6,16.5,46.8,28.5,1.8,2.27,1.3,0.352,1.3,1.1,2.2,0.34,0.558,0.894
217,Hassan Whiteside,UTA,65,40,25,17.9,8.2,15.8,9.7,0.4,1.46,0.31,0.521,1.3,0.8,6.1,0.92,0.6,1.127
218,Hassani Gravett,ORL,8,2,6,21.4,6.3,41.8,13.8,3.4,4.83,4.65,0.15,0.1,0.0,0.3,2.0,0.0,1.0
219,Haywood Highsmith,MIA,19,13,6,8.6,2.3,10.0,5.5,0.3,1.55,0.74,0.226,0.2,0.0,0.8,0.667,0.0,0.5
220,Herbert Jones,NOP,77,35,42,29.8,9.5,36.8,21.4,1.4,2.3,1.26,0.257,0.8,0.1,1.9,0.656,0.0,0.721
221,Ignas Brazdeikis,ORL,42,9,33,12.8,5.0,16.1,10.8,0.7,2.59,1.83,0.311,0.1,0.0,0.7,0.8,0.0,0.69
222,Immanuel Quickley,NYK,77,34,43,23.1,11.2,47.1,21.0,3.9,5.01,4.61,0.239,0.2,0.0,0.4,0.632,0.0,0.313
223,Isaac Bonga,TOR,15,9,6,4.6,0.8,4.2,2.0,0.1,1.85,0.95,0.19,0.2,0.0,0.3,0.333,0.0,0.5
224,Isaac Okoro,CLE,67,34,33,29.6,8.8,31.4,23.2,1.2,2.25,1.4,0.279,0.5,0.0,1.7,0.657,0.0,0.939
225,Isaiah Hartenstein,LAC,68,37,31,17.9,8.3,31.7,20.5,1.1,2.06,0.69,0.261,4.3,0.4,5.8,0.582,0.231,0.863
226,Isaiah Jackson,IND,36,9,27,15.0,8.3,20.3,12.3,0.4,1.23,0.34,0.406,1.7,0.6,5.5,0.71,0.45,1.045
227,Isaiah Joe,PHI,55,35,20,11.1,3.6,14.5,8.9,0.5,2.2,1.44,0.248,0.1,0.0,0.2,0.571,0.0,0.667
228,Isaiah Livers,DET,19,8,11,20.2,6.4,27.3,17.7,0.8,1.69,0.78,0.233,0.1,0.0,0.8,0.0,0.0,0.875
229,Isaiah Roby,OKC,45,10,35,21.1,10.1,38.2,23.1,1.0,1.64,0.68,0.264,1.9,0.3,4.2,0.43,0.533,0.88
230,Isaiah Stewart,DET,70,21,49,25.6,8.3,36.4,21.9,1.0,1.62,0.52,0.229,2.5,1.3,7.6,0.333,0.591,0.805
231,Isaiah Thomas,CHA,22,12,10,15.2,8.4,30.7,14.9,2.1,4.01,3.4,0.272,0.0,0.0,0.2,0.0,0.0,0.5
232,Isaiah Todd,WAS,12,1,11,6.2,1.7,9.2,5.2,0.3,1.66,0.73,0.182,0.2,0.0,0.1,0.0,0.0,0.0
233,Ish Smith,WAS,64,27,37,17.4,6.4,41.8,15.2,3.4,4.93,4.86,0.153,0.1,0.0,0.6,0.333,0.0,0.333
234,Ish Wainright,PHX,44,35,9,7.9,2.4,9.5,6.3,0.2,1.45,0.63,0.248,0.2,0.0,0.9,0.3,0.0,0.625
235,Ivica Zubac,LAC,76,40,36,24.4,10.3,39.1,20.2,1.0,1.53,0.48,0.264,4.5,2.4,8.8,0.359,0.697,0.898
236,JT Thor,CHA,33,18,15,7.9,2.0,9.4,4.9,0.3,1.76,0.87,0.217,0.2,0.1,0.6,0.0,1.0,0.684
237,Ja Morant,MEM,56,35,21,33.3,27.5,77.8,29.8,7.6,5.82,4.9,0.354,0.8,0.1,1.9,0.69,0.0,0.953
238,JaMychal Green,DEN,67,36,31,16.2,6.4,22.7,13.8,0.5,1.33,0.37,0.285,1.3,0.5,3.3,0.456,0.657,1.004
239,JaQuori McLaughlin,DAL,4,2,2,2.7,0.0,4.3,2.5,0.3,4.91,4.35,0.0,0.3,0.0,0.3,0.0,0.0,0.0
240,JaVale McGee,PHX,74,57,17,15.8,9.2,25.2,13.0,0.6,1.46,0.48,0.364,2.5,0.9,6.2,0.583,0.662,1.087
241,Jabari Parker,BOS,12,4,8,9.4,4.4,13.2,6.9,0.4,1.87,1.08,0.335,0.6,0.3,0.8,0.857,0.667,1.222
242,Jaden McDaniels,MIN,70,40,30,25.8,9.2,34.6,16.0,0.9,1.55,0.75,0.267,0.5,0.1,2.1,1.0,0.0,0.8
243,Jaden Springer,PHI,2,2,0,2.8,1.0,3.0,1.5,0.2,3.84,3.33,0.333,0.0,0.0,0.5,0.0,0.0,2.0
244,Jae Crowder,PHX,67,54,13,28.1,9.4,46.4,20.6,1.1,1.44,0.52,0.203,0.6,0.0,0.8,0.5,0.0,0.529
245,Jae'Sean Tate,HOU,78,19,59,26.4,11.8,41.6,22.9,1.8,2.62,1.63,0.283,1.5,1.0,3.8,0.624,0.564,0.873
246,Jahmi'us Ramsey,SAC,19,2,17,7.0,3.2,9.5,5.3,0.5,2.99,2.33,0.331,0.2,0.0,0.2,1.333,0.0,1.5
247,Jaime Echenique,WAS,1,1,0,3.1,0.0,0.0,0.0,0.0,0.0,0.0,0.0,0.0,0.0,0.0,0.0,0.0,0.0
248,Jake Layman,MIN,34,20,14,6.8,2.4,8.1,5.0,0.3,2.07,1.23,0.292,0.1,0.0,0.5,1.6,0.0,1.118
249,Jakob Poeltl,SAS,68,30,38,29.0,13.5,58.0,32.6,1.5,1.55,0.41,0.232,6.2,2.2,9.8,0.61,0.514,0.869
250,Jalen Brunson,DAL,79,50,29,31.9,16.3,67.8,28.7,5.4,4.78,4.26,0.24,0.3,0.4,0.4,0.56,0.567,0.5
251,Jalen Green,HOU,67,12,55,31.9,17.3,48.6,27.1,3.1,3.87,3.32,0.356,0.4,0.0,1.1,0.462,0.0,1.221
252,Jalen Johnson,ATL,22,14,8,5.5,2.4,8.0,4.0,0.3,2.08,1.0,0.297,0.0,0.0,0.5,0.0,0.0,1.7
253,Jalen McDaniels,CHA,54,34,20,16.3,6.2,24.8,12.5,0.8,1.94,1.13,0.249,0.5,0.0,1.2,0.556,0.0,0.682
254,Jalen Smith,IND,50,28,22,17.8,9.0,26.8,14.9,0.7,1.54,0.46,0.337,1.3,0.7,4.2,0.651,0.73,0.967
255,Jalen Suggs,ORL,48,16,32,27.2,11.8,60.8,23.4,4.1,4.09,3.49,0.193,0.3,0.2,1.0,0.933,0.8,0.723
256,James Bouknight,CHA,30,15,15,10.0,4.7,15.4,8.8,0.9,3.42,2.81,0.308,0.2,0.0,1.0,0.4,0.0,0.8
257,James Ennis III,DEN,7,3,4,7.9,4.1,9.9,6.4,0.3,1.67,0.93,0.42,0.3,0.0,1.4,1.0,0.0,0.8
258,James Harden,PHI,65,40,25,37.2,22.0,91.3,31.1,9.2,6.04,5.05,0.241,0.2,0.4,0.8,0.364,0.423,0.981
259,James Johnson,BKN,62,30,32,19.2,5.5,23.7,12.7,1.1,2.73,2.07,0.232,0.9,0.1,1.6,0.377,0.333,0.72
260,Jamorko Pickett,DET,13,4,9,13.6,3.8,17.1,9.9,0.4,1.42,0.54,0.225,0.2,0.0,0.7,0.0,0.0,0.889
261,Jared Butler,UTA,42,31,11,8.6,3.8,15.4,5.7,1.4,5.58,5.28,0.249,0.1,0.0,0.1,0.5,0.0,1.2
262,Jared Harper,NOP,5,2,3,8.6,7.4,24.2,11.8,1.7,4.21,3.86,0.306,0.2,0.0,0.2,0.0,0.0,0.0
263,Jaren Jackson Jr.,MEM,77,52,25,27.3,16.4,36.8,24.1,1.2,1.97,1.04,0.446,1.7,1.8,3.3,0.679,0.829,0.869
264,Jarred Vanderbilt,MIN,74,41,33,25.4,6.9,32.1,12.6,0.8,1.48,0.63,0.215,1.4,0.0,6.5,0.67,0.0,0.66
265,Jarrett Allen,CLE,56,35,21,32.3,16.1,50.3,28.5,1.4,1.67,0.33,0.321,5.8,2.4,12.1,0.479,0.684,0.972
266,Jarrett Culver,MEM,36,27,9,9.2,3.6,15.4,7.5,1.0,3.98,3.04,0.231,0.1,0.0,0.6,0.0,0.0,0.65
267,Jarron Cumberland,POR,3,0,3,4.1,0.7,3.7,1.7,0.2,2.68,1.55,0.182,0.0,0.0,0.3,0.0,0.0,0.0
268,Javin DeLaurier,MIL,1,1,0,2.8,0.0,4.0,0.0,0.1,1.83,0.5,0.0,0.0,0.0,0.0,0.0,0.0,0.0
269,Javonte Green,CHI,65,38,27,23.4,7.2,26.8,12.3,0.5,1.23,0.39,0.269,0.6,0.0,2.6,0.775,2.0,0.859
270,Javonte Smart,MIA,17,11,6,11.8,3.0,17.9,7.1,1.2,4.01,3.49,0.168,0.1,0.0,0.2,1.5,0.0,1.25
271,Jaxson Hayes,NOP,69,28,41,20.1,9.4,24.5,16.4,0.6,1.47,0.49,0.384,1.2,0.3,4.3,0.815,0.667,1.078
272,Jay Huff,LAL,4,0,4,5.1,0.0,6.5,4.5,0.2,1.75,0.61,0.0,0.3,0.0,1.0,0.0,0.0,0.0
273,Jay Scrubb,LAC,17,8,9,7.0,2.8,8.9,5.1,0.4,2.65,1.78,0.309,0.0,0.0,0.5,0.0,0.0,0.25
274,Jaylen Brown,BOS,65,43,22,33.6,23.7,60.2,36.5,3.3,3.3,2.6,0.394,1.4,1.4,2.1,0.798,0.539,1.015
275,Jaylen Hoard,OKC,7,2,5,34.2,14.7,72.1,41.6,2.2,1.87,0.95,0.204,1.4,0.9,5.6,0.5,1.0,0.974
276,Jaylen Morris,SAS,3,0,3,5.3,0.7,8.7,3.7,0.6,4.03,3.88,0.077,0.0,0.0,0.3,0.0,0.0,0.0
277,Jaylen Nowell,MIN,62,37,25,15.7,8.5,28.1,14.1,1.7,3.53,3.06,0.303,0.3,0.0,0.5,1.048,0.0,1.235
278,Jaysean Paige,DET,1,1,0,6.6,0.0,13.0,9.0,0.4,2.07,1.62,0.0,0.0,0.0,0.0,0.0,0.0,0.0
279,Jayson Tatum,BOS,75,49,26,35.9,26.8,73.8,42.4,4.7,3.78,2.76,0.363,1.7,1.7,2.2,0.718,0.575,0.994
280,Jeff Dowtin Jr.,ORL,9,4,5,12.0,2.1,20.4,10.4,1.3,3.67,3.26,0.103,0.8,0.0,1.0,0.0,0.0,0.0
281,Jeff Green,DEN,75,44,31,24.7,10.3,28.7,19.5,0.9,1.8,0.57,0.359,1.6,1.3,3.2,0.702,0.778,1.038
282,Jemerrio Jones,LAL,2,0,2,7.4,2.0,8.5,4.5,0.2,1.11,0.3,0.235,1.0,0.0,2.0,1.0,0.0,0.5
283,Jerami Grant,DET,47,11,36,31.9,19.2,59.7,39.2,2.4,2.39,1.39,0.322,1.0,2.3,1.5,0.4,0.427,0.873
284,Jeremiah Robinson-Earl,OKC,49,15,34,22.2,7.5,35.0,22.4,0.7,1.19,0.42,0.214,1.3,0.1,3.4,0.492,0.667,0.754
285,Jeremy Lamb,SAC,56,23,33,16.7,7.3,29.8,17.4,1.4,2.89,1.88,0.246,0.1,0.0,0.6,0.625,0.0,0.844
286,Jericho Sims,NYK,41,19,22,13.5,2.2,15.9,6.8,0.3,1.29,0.35,0.138,0.5,0.1,3.1,0.381,1.333,0.69
287,Jevon Carter,MIL,66,39,27,13.7,4.2,22.6,9.2,1.3,3.41,2.91,0.186,0.1,0.0,0.2,0.625,0.0,0.364
288,Jimmy Butler,MIA,57,38,19,33.9,21.4,68.8,39.3,5.0,4.39,3.1,0.311,1.9,3.4,5.4,0.692,0.5,0.866
289,Jock Landale,SAS,54,24,30,10.9,4.9,18.9,11.7,0.5,1.48,0.44,0.26,0.9,0.7,2.7,0.609,0.462,0.862
290,Joe Harris,BKN,14,10,4,30.2,11.3,34.4,20.1,0.8,1.43,0.65,0.328,0.4,0.0,0.4,0.333,0.0,0.8
291,Joe Ingles,POR,45,28,17,24.9,7.2,44.0,26.2,2.2,2.97,1.93,0.164,0.9,0.0,0.2,0.0,0.0,0.2
292,Joe Johnson,BOS,1,1,0,2.0,2.0,5.0,3.0,0.5,5.41,5.2,0.4,0.0,0.0,0.0,0.0,0.0,0.0
293,Joe Wieskamp,SAS,29,11,18,7.1,2.1,7.1,5.7,0.2,1.76,0.91,0.298,0.1,0.0,0.2,0.5,0.0,0.4
294,Joel Ayayi,WAS,7,1,6,2.9,0.3,4.9,2.3,0.3,4.23,3.32,0.059,0.0,0.0,0.0,0.0,0.0,0.0
295,Joel Embiid,PHI,68,45,23,33.8,30.6,76.1,53.4,3.4,2.67,1.41,0.402,4.8,9.8,5.3,0.754,0.667,1.092
296,John Collins,ATL,54,26,28,30.8,16.2,53.6,28.7,1.4,1.58,0.46,0.303,1.9,2.9,5.6,0.752,0.622,0.974
297,John Konchar,MEM,72,48,24,17.9,4.8,27.5,13.3,1.0,2.27,1.28,0.176,0.6,0.0,1.4,0.8,0.0,0.748
298,Jon Teske,MEM,2,2,0,2.3,0.0,1.5,0.5,0.0,1.52,0.0,0.0,0.0,0.0,0.5,0.0,0.0,0.0
299,Jonas Valanciunas,NOP,73,33,40,30.3,17.9,65.8,40.5,2.0,1.86,0.56,0.272,3.2,6.2,8.5,0.595,0.619,1.024
300,Jonathan Kuminga,GSW,69,44,25,16.9,9.3,26.3,15.4,1.1,2.48,1.53,0.353,0.9,1.1,1.8,0.918,0.63,1.032
301,Jordan Bell,CHI,1,1,0,2.0,0.0,5.0,1.0,0.1,1.18,0.0,0.0,1.0,0.0,1.0,0.0,0.0,0.0
302,Jordan Clarkson,UTA,79,47,32,27.1,16.0,39.6,24.5,2.4,3.66,3.06,0.405,0.3,0.2,0.8,1.0,0.5,0.75
303,Jordan Goodwin,WAS,2,1,1,3.0,0.0,7.0,4.0,0.4,3.23,3.22,0.0,0.0,0.0,0.0,0.0,0.0,0.0
304,Jordan McLaughlin,MIN,62,36,26,14.5,3.8,30.3,10.6,2.1,4.07,3.65,0.124,0.3,0.0,0.7,0.9,0.0,0.69
305,Jordan Nwora,MIL,62,34,28,19.1,7.9,24.8,14.9,1.0,2.5,1.76,0.317,0.3,0.0,0.7,0.737,0.0,1.048
306,Jordan Poole,GSW,75,49,26,30.0,18.6,63.5,31.9,4.3,4.05,3.51,0.293,0.3,0.0,0.6,0.792,0.0,0.979
307,Jordan Schakel,WAS,4,1,3,7.6,1.3,10.5,6.8,0.3,1.88,1.14,0.119,0.3,0.0,0.5,0.0,0.0,0.0
308,Jose Alvarado,NOP,53,24,29,15.5,6.2,34.7,14.4,2.7,4.6,4.36,0.179,0.3,0.0,0.7,0.4,0.0,0.769
309,Josh Christopher,HOU,74,18,56,18.0,7.9,31.0,15.2,1.8,3.58,3.25,0.256,0.5,0.0,1.2,1.0,0.0,0.767
310,Josh Giddey,OKC,54,17,37,31.5,12.5,78.2,39.1,4.4,3.41,2.72,0.16,0.8,0.1,2.4,0.667,0.0,0.758
311,Josh Green,DAL,67,44,23,15.5,4.8,16.9,10.3,0.6,2.28,1.58,0.281,0.5,0.0,1.5,0.469,1.0,0.818
312,Josh Hart,POR,53,19,34,33.1,15.0,56.3,28.5,2.8,2.96,2.11,0.266,0.7,0.2,1.6,0.571,0.5,0.624
313,Josh Jackson,SAC,50,12,38,16.3,6.4,25.8,15.2,1.0,2.23,1.41,0.248,0.4,0.2,1.3,0.364,0.25,0.688
314,Josh Okogie,MIN,49,23,26,10.5,2.7,8.5,5.5,0.3,1.99,1.22,0.32,0.2,0.0,0.9,0.182,2.0,0.467
315,Josh Richardson,SAS,64,38,26,24.7,10.3,40.1,23.1,1.8,2.69,1.84,0.257,0.5,0.0,1.0,0.629,2.0,0.754
316,Joshua Primo,SAS,50,22,28,19.3,5.8,25.1,14.6,1.3,3.03,2.42,0.23,0.4,0.0,0.8,0.556,0.0,0.55
317,Jrue Holiday,MIL,67,47,20,32.9,18.3,71.9,24.9,6.0,4.98,4.43,0.254,0.7,1.8,2.3,0.98,0.664,0.649
318,Juan Toscano-Anderson,GSW,73,51,22,13.6,4.1,28.8,15.7,1.1,2.34,1.55,0.142,0.5,0.3,1.3,0.444,0.095,0.649
319,Juancho Hernangomez,UTA,40,20,20,11.1,3.3,14.3,7.6,0.4,1.52,0.55,0.229,0.4,0.0,1.1,0.429,0.0,0.721
320,Julius Randle,NYK,71,31,40,35.3,20.1,76.5,45.8,4.1,3.25,2.2,0.262,2.3,4.6,3.0,0.648,0.44,0.907
321,Justin Anderson,IND,16,3,13,19.7,6.4,28.9,19.6,0.8,1.71,0.7,0.221,0.4,0.0,0.9,1.0,0.0,0.429
322,Justin Champagnie,TOR,36,21,15,7.8,2.3,9.7,5.0,0.2,1.35,0.34,0.231,0.3,0.0,1.2,0.2,0.0,0.814
323,Justin Holiday,SAC,74,25,49,27.8,10.1,33.9,25.1,0.9,1.53,0.82,0.299,0.4,0.0,0.8,0.586,0.0,0.862
324,Justin Jackson,PHX,6,5,1,5.1,1.2,6.3,4.3,0.2,1.46,0.76,0.184,0.2,0.0,0.0,0.0,0.0,0.0
325,Justin Robinson,DET,24,13,11,12.3,3.1,23.9,8.5,1.7,4.36,4.07,0.131,0.0,0.0,0.2,0.0,0.0,0.5
326,Justise Winslow,POR,47,24,23,16.2,5.8,26.7,13.0,1.0,2.33,1.43,0.218,0.9,0.5,2.4,0.476,0.591,0.886
327,Jusuf Nurkic,POR,56,25,31,28.2,15.0,58.8,35.2,1.8,1.85,0.74,0.256,5.0,5.8,6.8,0.571,0.517,0.869
328,Juwan Morgan,BOS,2,1,1,15.5,2.5,15.5,6.5,0.3,1.29,0.36,0.161,0.5,0.0,2.0,0.0,0.0,0.5
329,KZ Okpala,MIA,21,14,7,11.6,3.7,14.9,9.5,0.5,1.9,0.94,0.246,0.7,0.0,1.5,0.571,0.0,0.469
330,Kai Jones,CHA,20,14,6,3.0,1.1,3.9,2.5,0.1,1.62,0.62,0.286,0.1,0.0,0.7,0.0,0.0,1.154
331,Karl-Anthony Towns,MIN,74,44,30,33.5,24.6,61.3,43.9,2.3,2.21,0.85,0.401,3.8,5.6,4.5,0.71,0.47,0.949
332,Keifer Sykes,IND,32,6,26,17.7,5.6,32.8,16.1,2.2,4.09,3.65,0.172,0.3,0.0,0.4,0.6,0.0,1.0
333,Keita Bates-Diop,SAS,59,23,36,16.2,5.7,18.5,10.6,0.5,1.71,0.7,0.306,0.6,0.2,2.3,0.568,0.308,0.993
334,Kelan Martin,BOS,30,14,16,15.0,5.7,19.2,13.1,0.6,1.94,1.14,0.297,0.2,0.0,0.7,0.2,0.0,1.05
335,Keldon Johnson,SAS,75,33,42,31.9,17.0,50.8,27.9,1.8,2.16,1.27,0.335,0.5,0.4,1.8,0.585,0.677,1.023
336,Keljin Blevins,POR,31,4,27,11.3,3.1,13.5,8.4,0.5,2.33,1.56,0.227,0.2,0.0,0.5,0.4,0.0,0.625
337,Kelly Olynyk,DET,40,13,27,19.1,9.1,43.2,26.6,1.5,2.04,0.89,0.211,1.6,1.4,3.6,0.462,0.536,0.722
338,Kelly Oubre Jr.,CHA,75,39,36,26.5,15.0,33.1,23.0,1.1,2.0,1.24,0.454,0.5,0.0,1.5,1.324,0.0,1.018
339,Kemba Walker,NYK,37,16,21,25.6,11.6,60.6,22.2,5.0,4.93,4.34,0.192,0.1,0.0,0.1,1.0,0.0,0.4
340,Kenrich Williams,OKC,49,17,32,21.9,7.4,32.1,21.7,1.2,2.2,1.58,0.231,0.6,0.3,2.9,0.724,0.0,0.738
341,Kent Bazemore,LAL,39,16,23,14.0,3.4,17.7,9.9,0.5,1.85,1.14,0.191,0.4,0.0,0.8,0.286,0.0,0.433
342,Kentavious Caldwell-Pope,WAS,77,34,43,30.2,13.2,41.1,26.7,1.6,2.37,1.47,0.322,0.8,0.0,1.0,0.563,2.0,0.922
343,Kenyon Martin Jr.,HOU,79,20,59,21.0,8.8,31.9,17.9,0.9,1.6,0.72,0.277,1.1,0.2,2.8,0.631,0.533,0.959
344,Keon Johnson,POR,36,8,28,19.3,7.4,30.5,14.5,2.2,4.42,3.89,0.243,0.3,0.1,1.1,0.583,0.0,0.711
345,Kessler Edwards,BKN,48,22,26,20.6,5.9,25.0,11.1,0.6,1.54,0.69,0.236,0.5,0.0,1.6,0.68,0.0,0.603
346,Kevin Durant,BKN,55,36,19,37.2,29.9,73.2,41.2,4.4,3.6,2.51,0.408,3.6,3.5,2.1,0.722,0.598,0.94
347,Kevin Huerter,ATL,74,40,34,29.6,12.1,39.8,24.9,1.8,2.7,1.8,0.303,0.6,0.0,0.9,0.75,0.0,1.076
348,Kevin Knox II,ATL,30,18,12,7.4,3.1,10.3,5.7,0.3,1.58,0.58,0.301,0.1,0.0,0.4,0.667,0.0,1.333
349,Kevin Love,CLE,74,38,36,22.5,13.6,43.9,27.2,1.3,1.82,0.44,0.31,1.2,2.3,2.9,0.5,0.573,0.872
350,Kevin Pangos,CLE,24,16,8,6.9,1.6,15.9,5.0,1.5,5.66,5.15,0.102,0.0,0.0,0.0,0.0,0.0,0.0
351,Kevin Porter Jr.,HOU,61,16,45,31.3,15.6,71.5,27.8,6.0,5.06,4.49,0.217,0.6,0.1,1.1,0.771,0.5,0.836
352,Kevon Looney,GSW,81,53,28,21.1,6.0,34.1,21.6,0.9,1.59,0.52,0.175,1.8,0.2,4.7,0.466,0.474,0.702
353,Khem Birch,TOR,55,34,21,18.0,4.5,23.0,14.8,0.5,1.37,0.52,0.195,2.2,0.2,4.6,0.479,0.5,0.627
354,Khris Middleton,MIL,66,44,22,32.4,20.1,66.1,33.0,4.2,3.85,2.93,0.304,0.8,2.1,1.2,0.296,0.412,0.895
355,Killian Hayes,DET,65,21,44,24.9,6.9,52.6,21.4,3.5,4.01,3.3,0.131,0.3,0.0,0.7,0.476,0.0,0.729
356,Killian Tillie,MEM,35,26,9,12.6,3.2,13.8,8.6,0.4,1.55,0.7,0.234,0.1,0.1,0.6,0.5,0.0,0.4
357,Kira Lewis Jr.,NOP,24,6,18,14.2,5.9,32.0,13.5,2.1,3.97,3.35,0.184,0.1,0.0,0.3,1.0,0.0,0.5
358,Klay Thompson,GSW,32,17,15,29.4,20.4,44.2,33.8,1.7,2.33,1.54,0.461,0.7,0.9,1.3,0.522,0.667,0.762
359,Kris Dunn,POR,14,1,13,24.0,7.6,58.5,21.9,4.4,4.54,3.76,0.129,0.6,0.9,0.8,0.5,1.231,0.727
360,Kristaps Porzingis,WAS,51,26,25,29.0,20.2,56.0,37.5,1.6,1.72,0.66,0.361,3.6,5.1,6.2,0.67,0.605,0.981
361,Kyle Anderson,MEM,69,46,23,21.5,7.6,33.9,17.6,1.4,2.57,1.5,0.223,1.1,0.1,1.9,0.709,0.25,0.765
362,Kyle Guy,MIA,19,15,4,9.8,3.9,17.4,7.9,1.0,3.5,2.87,0.224,0.1,0.0,0.3,0.0,0.0,0.5
363,Kyle Kuzma,WAS,66,29,37,33.4,17.1,56.5,31.9,2.8,2.95,1.96,0.303,1.2,0.7,2.3,0.474,0.5,0.981
364,Kyle Lowry,MIA,63,41,22,33.9,13.4,81.4,35.0,5.0,3.71,2.86,0.165,0.5,0.2,0.9,0.424,0.0,0.4
365,Kyrie Irving,BKN,29,14,15,37.6,27.4,81.0,35.5,5.8,4.3,3.63,0.339,0.6,0.7,0.9,0.0,1.05,0.852
366,LaMarcus Aldridge,BKN,47,26,21,22.3,12.9,34.9,22.2,1.0,1.7,0.57,0.37,3.8,2.6,4.0,0.642,0.645,1.043
367,LaMelo Ball,CHA,74,39,35,32.3,20.1,86.9,34.6,6.1,4.24,3.77,0.231,0.4,0.0,1.6,0.533,0.0,0.574
368,Lamar Stevens,CLE,63,35,28,16.1,6.1,19.8,12.6,0.8,2.29,1.25,0.307,0.3,0.2,1.4,0.429,0.545,0.73
369,Lance Stephenson,IND,46,11,35,17.7,8.3,39.5,17.8,3.0,4.57,3.88,0.212,0.1,0.0,0.3,0.667,0.0,0.538
370,Landry Shamet,PHX,69,53,16,20.8,8.3,25.2,16.5,0.9,2.13,1.65,0.329,0.2,0.0,0.3,0.333,0.0,0.773
371,Langston Galloway,MIL,7,4,3,15.2,2.0,20.4,11.1,1.0,2.84,2.49,0.098,0.3,0.0,0.9,1.0,0.0,0.333
372,Larry Nance Jr.,NOP,46,19,27,22.6,7.0,32.1,18.4,1.2,2.15,1.13,0.218,2.3,0.6,3.3,0.449,0.333,0.851
373,Lauri Markkanen,CLE,61,32,29,30.8,14.8,42.7,28.4,1.3,1.81,0.67,0.346,1.2,1.6,3.8,0.575,0.653,0.991
374,LeBron James,LAL,56,25,31,37.2,30.3,87.4,40.7,6.2,4.28,3.07,0.346,3.2,4.3,3.9,0.791,0.527,1.153
375,Leandro Bolmaro,MIN,35,19,16,6.9,1.4,13.1,5.3,0.9,3.9,3.54,0.109,0.1,0.0,0.5,0.4,0.0,0.353
376,Lindell Wigginton,MIL,19,11,8,10.5,4.2,16.7,7.0,1.2,4.28,3.78,0.252,0.0,0.0,0.5,0.0,0.0,1.0
377,Lindy Waters III,OKC,25,6,19,18.6,8.0,23.1,16.6,0.7,1.88,1.14,0.345,0.0,0.0,0.4,2.0,0.0,1.4
378,Lonnie Walker IV,SAS,70,27,43,23.0,12.1,31.3,21.1,1.6,3.12,2.44,0.388,0.3,0.0,0.6,0.818,0.0,0.95
379,Lonzo Ball,CHI,35,22,13,34.6,13.0,73.7,27.3,4.2,3.44,2.63,0.176,0.9,0.1,1.5,0.065,0.0,0.635
380,Lou Williams,ATL,56,33,23,14.3,6.3,23.7,11.0,1.8,4.61,3.65,0.267,0.1,0.0,0.3,0.667,0.0,1.0
381,Louis King,SAC,10,2,8,10.4,4.5,16.4,9.0,0.8,2.74,1.85,0.274,0.1,0.0,0.0,1.0,0.0,0.0
382,Luguentz Dort,OKC,51,17,34,32.7,17.2,42.1,27.4,2.1,2.98,2.37,0.408,0.4,0.3,1.2,1.143,0.0,0.917
383,Luka Doncic,DAL,65,44,21,35.4,28.4,90.5,34.8,9.3,6.19,5.37,0.314,0.5,3.7,1.0,0.563,0.483,0.875
384,Luka Garza,DET,31,3,28,12.0,5.7,18.3,12.0,0.5,1.57,0.56,0.314,0.9,0.5,3.7,0.222,0.333,0.833
385,Luke Kennard,LAC,70,35,35,27.4,11.9,35.3,24.8,1.2,2.08,1.14,0.337,0.5,0.0,0.4,0.333,0.0,0.6
386,Luke Kornet,BOS,15,11,4,6.9,2.0,8.9,6.2,0.2,1.31,0.35,0.224,0.7,0.3,2.4,0.3,0.5,0.806
387,MJ Walker,PHX,2,1,1,4.2,0.0,8.0,4.5,0.3,2.41,1.44,0.0,0.0,0.0,0.0,0.0,0.0,0.0
388,Mac McClung,LAL,2,2,0,12.2,4.0,21.5,12.0,1.2,3.27,3.12,0.186,1.0,0.0,1.0,0.0,0.0,0.0
389,Malachi Flynn,TOR,44,25,19,12.2,4.3,25.2,11.6,1.7,4.14,3.48,0.171,0.0,0.0,0.3,0.0,0.0,0.154
390,Malcolm Brogdon,IND,36,14,22,33.5,19.1,80.0,36.3,5.8,4.33,4.06,0.239,0.4,0.1,1.0,0.313,0.0,0.75
391,Malcolm Hill,CHI,19,8,11,11.2,3.8,10.8,6.2,0.4,1.96,0.97,0.351,0.5,0.0,0.7,0.444,0.0,0.643
392,Malik Beasley,MIN,79,46,33,25.0,12.1,32.1,21.8,1.1,1.98,1.17,0.375,0.4,0.0,0.4,0.5,0.0,0.629
393,Malik Fitts,BOS,15,13,2,4.2,1.4,5.9,2.9,0.2,2.13,0.96,0.236,0.1,0.0,0.1,0.0,0.0,0.0
394,Malik Monk,LAL,76,32,44,28.1,13.8,45.3,25.8,2.0,2.7,2.1,0.304,0.5,0.0,1.4,0.718,0.0,1.01
395,Malik Newman,CLE,1,0,1,7.7,8.0,17.0,11.0,1.2,4.27,3.41,0.471,0.0,0.0,0.0,0.0,0.0,0.0
396,Mamadi Diakite,OKC,13,4,9,14.4,4.3,24.5,12.8,0.6,1.37,0.3,0.176,1.3,0.2,4.3,0.588,1.0,0.786
397,Marcus Garrett,MIA,12,11,1,10.7,1.1,11.2,4.4,0.6,3.05,2.53,0.097,0.4,0.0,0.8,0.0,0.0,0.2
398,Marcus Morris Sr.,LAC,53,26,27,28.8,15.2,39.4,27.1,1.7,2.62,1.45,0.385,1.3,3.0,0.7,0.609,0.619,0.722
399,Marcus Smart,BOS,70,47,23,32.4,12.1,65.2,28.4,4.0,3.68,3.04,0.186,0.6,0.9,1.1,0.333,0.385,0.824
400,Markelle Fultz,ORL,18,6,12,20.0,10.8,48.4,12.8,4.6,5.76,5.72,0.224,0.7,1.2,0.8,0.917,0.238,0.786
401,Markieff Morris,MIA,17,10,7,17.6,7.6,22.7,16.5,0.6,1.72,0.61,0.334,0.9,1.9,2.0,0.875,0.818,0.824
402,Marko Simonovic,CHI,9,4,5,3.9,1.9,5.2,4.2,0.1,1.47,0.36,0.362,0.7,0.1,1.4,0.167,0.0,0.769
403,Markus Howard,DEN,31,17,14,5.7,4.1,8.5,6.0,0.3,2.36,2.12,0.479,0.0,0.0,0.0,0.0,0.0,0.0
404,Marquese Chriss,DAL,34,24,10,10.2,4.5,15.6,8.8,0.4,1.38,0.44,0.291,0.6,0.5,3.1,0.905,0.118,0.894
405,Marvin Bagley III,DET,48,17,31,23.9,11.3,35.2,20.0,1.0,1.68,0.59,0.319,1.1,1.4,5.1,0.611,0.647,1.136
406,Mason Jones,LAL,4,2,2,12.6,6.8,19.8,10.5,0.9,2.67,1.91,0.342,0.0,0.3,1.0,0.0,0.0,0.5
407,Mason Plumlee,CHA,72,40,32,24.6,6.6,40.2,25.4,1.3,1.94,0.96,0.163,3.2,1.2,6.7,0.348,0.207,0.617
408,Matisse Thybulle,PHI,66,43,23,25.5,5.7,21.9,13.5,0.5,1.28,0.54,0.262,0.3,0.0,2.4,0.455,0.0,0.866
409,Matt Mooney,NYK,1,1,0,1.9,0.0,7.0,1.0,0.6,5.36,4.43,0.0,0.0,0.0,0.0,0.0,0.0,0.0
410,Matt Ryan,BOS,1,1,0,5.3,3.0,9.0,8.0,0.2,1.25,0.56,0.333,0.0,0.0,0.0,0.0,0.0,0.0
411,Matt Thomas,CHI,40,23,17,11.5,4.0,13.9,8.3,0.5,2.05,1.14,0.289,0.1,0.0,0.2,0.0,0.0,0.286
412,Maurice Harkless,SAC,46,14,32,18.3,4.5,18.3,9.8,0.5,1.71,0.76,0.246,0.2,0.1,1.0,0.571,0.0,1.044
413,Max Strus,MIA,68,46,22,23.3,10.6,34.3,21.0,0.9,1.51,0.63,0.309,0.3,0.0,1.1,0.476,0.0,0.861
414,Maxi Kleber,DAL,59,36,23,24.6,7.0,39.2,22.9,0.8,1.24,0.32,0.178,0.9,0.2,2.4,0.365,0.429,0.729
415,McKinley Wright IV,MIN,5,3,2,3.8,1.0,7.6,3.4,0.5,3.77,3.05,0.132,0.0,0.0,0.0,0.0,0.0,0.0
416,Melvin Frazier Jr.,OKC,3,0,3,39.9,10.7,41.3,29.7,1.6,2.34,1.61,0.258,0.3,0.0,1.7,0.0,0.0,0.8
417,Micah Potter,DET,3,2,1,10.3,4.0,12.3,7.0,0.3,1.31,0.21,0.324,1.0,0.7,2.7,0.0,1.0,1.25
418,Michael Porter Jr.,DEN,9,5,4,29.4,9.9,39.3,23.9,1.4,2.14,0.9,0.251,2.1,0.2,2.0,0.684,0.5,0.889
419,Mikal Bridges,PHX,81,63,18,34.8,14.2,36.3,23.0,1.1,1.75,1.0,0.392,1.6,0.2,2.4,0.875,0.867,0.975
420,Mike Conley,UTA,72,44,28,28.6,13.7,65.4,28.8,5.4,4.99,4.6,0.21,0.2,0.0,0.4,0.0,0.0,0.219
421,Mike Muscala,OKC,43,15,28,13.8,8.0,26.2,14.7,0.5,1.09,0.24,0.305,0.7,0.1,1.8,0.667,0.0,0.949
422,Miles Bridges,CHA,79,41,38,35.4,20.3,60.2,37.9,2.4,2.36,1.6,0.337,1.7,0.8,3.3,0.741,0.438,1.042
423,Miles McBride,NYK,40,19,21,9.3,2.2,13.3,6.1,0.9,4.26,3.94,0.168,0.1,0.0,0.1,0.5,0.0,0.0
424,Mitchell Robinson,NYK,71,31,40,25.6,8.5,27.9,14.0,0.6,1.34,0.3,0.304,0.7,0.2,7.9,0.245,0.313,1.02
425,Miye Oni,UTA,16,15,1,2.8,0.3,2.8,1.8,0.1,1.67,1.16,0.114,0.0,0.0,0.1,0.0,0.0,0.0
426,Mo Bamba,ORL,71,19,52,25.7,10.6,37.6,20.6,1.0,1.65,0.49,0.283,1.1,0.6,4.7,0.493,0.675,0.997
427,Monte Morris,DEN,75,44,31,29.9,12.6,60.6,30.4,4.1,4.02,3.45,0.208,0.8,0.0,1.0,0.5,0.0,0.821
428,Montrezl Harrell,CHA,71,36,35,23.1,13.1,37.5,26.2,1.3,2.05,0.83,0.35,3.0,2.5,6.5,0.575,0.724,1.167
429,Moritz Wagner,ORL,63,16,47,15.2,9.0,31.3,19.6,0.9,1.82,0.6,0.286,1.5,0.4,2.1,0.978,0.286,1.075
430,Moses Brown,CLE,40,19,21,8.6,4.3,11.7,5.2,0.3,1.46,0.26,0.365,0.8,0.3,3.7,1.032,1.25,0.919
431,Moses Moody,GSW,51,35,16,11.5,4.3,11.5,9.0,0.5,2.4,1.43,0.37,0.2,0.0,0.7,0.455,0.0,0.735
432,Moses Wright,DAL,4,4,0,3.7,1.3,4.3,2.5,0.1,1.5,0.47,0.294,0.5,0.0,0.3,1.0,0.0,2.0
433,Mychal Mulder,MIA,17,3,14,14.1,4.1,13.6,9.9,0.5,2.06,1.32,0.299,0.1,0.0,0.2,0.0,0.0,0.0
434,Myles Powell,PHI,11,8,3,4.7,1.2,9.4,2.5,0.9,5.55,5.41,0.126,0.0,0.0,0.1,0.0,0.0,2.0
435,Myles Turner,IND,42,15,27,29.4,12.9,36.1,21.3,0.8,1.39,0.49,0.356,1.4,1.6,4.3,0.93,0.897,1.045
436,Naji Marshall,NOP,55,23,32,13.4,5.7,23.5,12.5,0.9,2.36,1.67,0.242,0.3,0.0,1.0,0.765,0.0,0.679
437,Nassir Little,POR,42,19,23,25.9,9.8,32.7,19.3,1.1,2.07,1.19,0.298,0.7,0.2,1.6,0.69,0.556,0.623
438,Nate Hinton,IND,2,0,2,1.2,0.0,1.5,1.5,0.1,2.41,0.67,0.0,0.0,0.0,0.0,0.0,0.0,0.0
439,Nathan Knight,MIN,37,22,15,7.2,3.7,12.4,7.6,0.5,2.21,1.21,0.302,0.5,0.5,1.6,0.556,0.474,0.833
440,Naz Reid,MIN,77,42,35,15.8,8.3,26.9,16.7,0.7,1.66,0.65,0.307,1.9,1.0,2.9,0.767,0.554,0.923
441,Neemias Queta,SAC,15,4,11,8.0,3.0,10.4,6.6,0.3,1.77,0.56,0.288,0.9,0.5,2.0,0.786,0.0,1.1
442,Nemanja Bjelica,GSW,70,48,22,16.0,6.1,32.8,19.7,1.0,1.91,0.82,0.185,0.9,0.9,2.4,0.385,0.262,0.794
443,Nerlens Noel,NYK,25,10,15,22.5,3.4,27.4,11.2,0.7,1.53,0.42,0.124,1.1,0.0,4.0,0.5,0.0,0.67
444,Nic Claxton,BKN,47,24,23,20.7,8.7,26.9,14.6,0.7,1.6,0.45,0.324,2.6,0.1,6.3,0.5,0.286,0.997
445,Nick Richards,CHA,49,25,24,7.1,2.9,10.1,6.0,0.3,1.51,0.47,0.289,0.8,0.3,2.1,0.7,1.231,1.106
446,Nickeil Alexander-Walker,UTA,64,28,36,22.6,10.7,42.4,23.5,2.3,3.24,2.53,0.253,0.5,0.0,0.9,0.774,0.0,0.719
447,Nicolas Batum,LAC,58,31,27,24.9,8.4,35.6,21.0,0.9,1.45,0.56,0.237,0.9,0.1,1.1,0.283,0.375,0.803
448,Nik Stauskas,BOS,8,7,1,4.8,2.3,6.4,4.1,0.3,2.38,1.67,0.353,0.1,0.0,0.0,0.0,0.0,0.0
449,Nikola Jokic,DEN,74,46,28,33.5,27.1,100.1,56.0,4.3,2.6,1.26,0.271,8.0,10.0,8.3,0.592,0.526,1.118
450,Nikola Vucevic,CHI,73,41,32,33.1,17.6,68.3,43.5,1.8,1.58,0.53,0.258,6.2,5.4,5.9,0.511,0.475,0.933
451,Norman Powell,LAC,45,15,30,32.4,19.0,39.5,28.1,1.9,2.92,2.44,0.479,0.4,0.1,0.6,0.895,0.0,0.84
452,Norvel Pelle,UTA,3,0,3,6.3,2.0,4.3,2.3,0.1,1.17,0.15,0.462,0.0,0.0,1.3,0.0,0.0,1.0
453,O.G. Anunoby,TOR,48,31,17,36.0,17.1,51.0,34.3,2.3,2.66,1.65,0.336,0.8,3.0,3.1,0.737,0.483,0.98
454,Obi Toppin,NYK,71,31,40,17.2,9.1,28.8,17.1,0.7,1.47,0.59,0.316,0.8,0.5,2.8,0.873,0.444,1.1
455,Olivier Sarr,OKC,22,6,16,19.1,7.0,29.0,18.2,0.7,1.36,0.3,0.24,2.0,0.3,4.5,0.512,0.571,0.838
456,Omer Yurtseven,MIA,56,39,17,12.6,5.3,19.1,10.9,0.5,1.59,0.4,0.28,1.3,0.8,4.5,0.547,0.465,0.897
457,Onyeka Okongwu,ATL,48,26,22,20.7,8.2,25.8,15.3,0.6,1.38,0.44,0.316,2.2,0.6,6.5,0.61,0.667,0.981
458,Oshae Brissett,IND,67,19,48,23.3,9.1,34.7,19.3,0.9,1.64,0.77,0.264,0.7,0.0,2.5,0.705,2.0,0.651
459,Otto Porter Jr.,GSW,62,41,21,22.1,8.2,34.9,19.3,1.0,1.77,0.67,0.236,1.0,0.5,2.3,0.781,0.25,0.769
460,P.J. Dozier,DEN,18,9,9,18.9,5.4,29.1,16.8,1.3,2.66,1.73,0.185,0.8,0.1,1.2,0.0,0.0,0.455
461,P.J. Tucker,MIA,71,45,26,27.9,7.6,33.9,20.0,1.0,1.78,0.81,0.224,1.2,0.4,2.7,0.321,0.536,0.627
462,P.J. Washington,CHA,65,33,32,27.2,10.3,42.9,23.8,1.0,1.41,0.58,0.24,1.6,0.6,3.0,0.415,0.378,0.909
463,Paris Bass,PHX,1,1,0,5.5,4.0,14.0,5.0,0.6,2.54,1.79,0.286,0.0,0.0,3.0,0.0,0.0,1.333
464,Pascal Siakam,TOR,68,40,28,37.9,22.8,77.6,39.4,5.1,3.95,3.16,0.294,2.3,2.7,3.8,0.726,0.436,0.851
465,Pat Connaughton,MIL,65,41,24,26.0,9.9,32.2,18.0,0.8,1.56,0.63,0.308,0.3,0.0,1.2,0.389,0.0,0.815
466,Patrick Beverley,MIN,58,33,25,25.4,9.2,51.7,21.8,3.5,4.1,3.15,0.178,0.9,0.0,1.0,0.288,0.0,0.571
467,Patrick Williams,CHI,17,9,8,24.8,9.0,33.4,14.7,1.0,1.87,1.18,0.27,0.9,0.2,1.5,0.533,1.0,0.577
468,Patty Mills,BKN,81,44,37,29.0,11.4,37.4,21.9,1.7,2.67,2.43,0.305,0.1,0.0,0.2,0.727,0.0,0.833
469,Paul George,LAC,31,18,13,34.8,24.3,75.4,35.1,5.3,4.18,3.44,0.323,2.1,2.1,1.3,0.641,0.561,0.65
470,Paul Millsap,PHI,33,22,11,11.4,3.5,17.8,9.2,0.6,2.13,1.02,0.196,0.8,0.4,2.1,0.357,0.643,0.629
471,Paul Reed,PHI,38,21,17,8.0,3.1,12.1,6.5,0.4,1.75,0.77,0.252,0.4,0.1,2.0,0.471,1.0,0.92
472,Paul Watson,OKC,9,2,7,17.4,3.4,18.6,12.3,0.5,1.65,0.98,0.186,0.0,0.0,0.2,0.0,0.0,1.0
473,Payton Pritchard,BOS,71,46,25,14.1,6.2,28.6,13.6,1.9,3.99,3.59,0.218,0.2,0.0,0.3,0.118,0.0,0.261
474,Petr Cornelie,DEN,13,3,10,2.9,1.1,5.2,3.5,0.1,1.42,0.44,0.206,0.4,0.1,1.0,0.4,2.0,0.615
475,Precious Achiuwa,TOR,73,46,27,23.6,9.1,33.5,20.0,1.2,2.1,1.16,0.271,1.2,0.5,4.2,0.369,0.657,0.722
476,Quentin Grimes,NYK,45,20,25,17.3,6.1,19.6,13.8,0.6,1.75,1.08,0.312,0.3,0.0,0.4,0.333,0.0,0.5
477,Quinndary Weatherspoon,GSW,11,8,3,6.7,2.7,9.0,5.3,0.3,2.05,1.12,0.303,0.3,0.1,1.1,0.0,0.0,1.167
478,R.J. Hampton,ORL,64,15,49,21.9,7.6,38.7,17.5,2.6,3.96,3.45,0.197,0.2,0.0,0.5,0.727,0.0,0.581
479,RJ Barrett,NYK,69,32,37,34.5,20.1,54.3,34.1,3.0,3.27,2.67,0.371,1.0,0.8,1.7,0.486,0.527,0.711
480,RJ Nembhard Jr.,CLE,14,6,8,4.5,1.1,9.6,4.5,0.8,4.96,3.89,0.111,0.1,0.0,0.1,0.0,0.0,2.0
481,Rajon Rondo,CLE,39,16,23,17.9,4.8,46.3,17.6,3.4,4.42,3.74,0.103,0.4,0.0,0.6,0.0,0.0,0.087
482,Raul Neto,WAS,70,29,41,19.6,7.5,41.3,16.4,3.3,4.81,4.53,0.182,0.3,0.0,0.6,0.286,2.0,0.732
483,Rayjon Tucker,MIL,5,2,3,14.2,4.2,14.2,8.2,0.6,2.44,1.67,0.296,0.2,0.2,0.2,3.0,0.0,2.0
484,Reggie Bullock,DAL,68,44,24,28.0,8.6,35.3,23.0,0.8,1.44,0.39,0.243,0.3,0.0,0.7,0.381,0.0,0.667
485,Reggie Jackson,LAC,74,38,36,31.2,16.9,67.7,25.1,6.1,5.44,4.61,0.249,0.3,0.1,0.6,0.739,0.571,0.708
486,Reggie Perry,POR,10,0,10,18.7,9.2,30.5,18.8,0.9,1.83,0.74,0.302,1.9,0.5,3.3,0.526,1.6,1.121
487,Richaun Holmes,SAC,44,15,29,23.7,10.1,31.8,19.4,0.9,1.63,0.49,0.319,4.0,0.4,6.4,0.661,1.053,1.064
488,Ricky Rubio,IND,34,20,14,28.5,13.1,72.6,29.7,6.0,4.94,4.38,0.18,0.5,0.0,0.4,0.353,0.0,0.133
489,Rob Edwards,OKC,2,0,2,5.4,1.5,9.0,6.0,0.4,2.5,1.61,0.167,0.0,0.0,0.0,0.0,0.0,0.0
490,Robert Covington,LAC,71,34,37,27.3,8.5,41.7,17.9,1.1,1.65,0.47,0.204,0.7,0.2,1.4,0.302,0.0,0.747
491,Robert Williams III,BOS,60,40,20,29.5,10.0,35.7,22.9,0.8,1.26,0.28,0.28,1.4,0.2,9.1,0.333,0.364,0.974
492,Robert Woodard II,SAS,12,0,12,3.5,0.6,4.0,2.0,0.1,2.16,1.29,0.146,0.2,0.0,0.5,0.0,0.0,0.333
493,Robin Lopez,ORL,36,9,27,17.0,7.1,21.2,16.4,0.8,2.34,1.03,0.333,2.3,3.6,4.2,0.469,0.618,0.867
494,Rodney Hood,LAC,52,30,22,13.6,3.1,14.1,8.3,0.5,2.33,1.33,0.222,0.2,0.1,0.5,0.375,0.0,0.68
495,Rodney McGruder,DET,50,13,37,14.7,5.3,17.0,12.0,0.5,1.83,1.07,0.313,0.3,0.0,0.9,0.5,0.0,0.63
496,Romeo Langford,SAS,48,24,24,16.1,4.5,15.0,9.3,0.5,1.92,1.11,0.303,0.3,0.0,0.9,0.286,3.0,0.886
497,Royce O'Neale,UTA,77,46,31,31.2,7.4,58.3,27.3,1.6,1.6,0.7,0.127,0.7,0.0,1.2,0.373,0.0,0.478
498,Rudy Gay,UTA,55,34,21,18.9,8.1,31.8,16.6,1.0,1.97,0.83,0.255,0.7,1.0,1.4,0.474,0.722,1.038
499,Rudy Gobert,UTA,66,42,24,32.1,15.6,33.7,20.7,0.7,1.31,0.36,0.462,2.8,1.1,11.3,0.746,0.571,1.09
500,Rui Hachimura,WAS,42,16,26,22.5,11.3,33.7,20.5,1.2,2.17,1.11,0.335,1.1,1.3,1.9,1.0,0.519,1.063
501,Russell Westbrook,LAL,78,31,47,34.3,18.5,78.9,30.5,6.4,4.89,4.29,0.234,0.7,1.5,2.5,0.679,0.393,0.772
502,Ryan Arcidiacono,NYK,10,8,2,7.6,1.6,9.3,5.9,0.4,2.42,1.73,0.172,0.0,0.0,0.0,0.0,0.0,0.0
503,Saben Lee,DET,36,8,28,16.3,5.4,35.8,15.3,2.8,4.61,4.15,0.15,0.2,0.0,1.0,0.667,0.0,1.114
504,Saddiq Bey,DET,81,23,58,33.0,16.3,50.0,35.9,1.9,2.31,1.37,0.325,0.8,1.3,1.6,0.576,0.524,0.75
505,Sam Dekker,TOR,1,1,0,0.9,0.0,1.0,1.0,0.0,2.56,0.0,0.0,0.0,0.0,0.0,0.0,0.0,0.0
506,Sam Hauser,BOS,26,20,6,6.1,2.5,8.7,5.0,0.2,1.57,0.62,0.286,0.1,0.0,0.2,1.0,0.0,1.0
507,Sam Merrill,MEM,6,2,4,9.6,4.2,19.7,11.2,0.8,2.52,1.75,0.212,0.2,0.0,0.0,0.0,0.0,0.0
508,Sandro Mamukelashvili,MIL,41,22,19,9.9,3.8,14.2,7.1,0.4,1.58,0.68,0.264,0.3,0.1,1.7,0.538,0.4,0.721
509,Santi Aldama,MEM,31,19,12,11.0,4.0,14.7,8.9,0.5,1.98,0.93,0.275,0.6,0.2,1.7,0.7,0.5,0.963
510,Scottie Barnes,TOR,74,43,31,35.4,15.3,66.7,32.6,3.2,2.9,2.17,0.23,2.2,1.7,5.5,0.645,0.595,0.88
511,Scottie Lewis,CHA,2,1,1,3.3,0.5,3.0,2.0,0.2,3.39,2.5,0.167,0.0,0.0,0.0,0.0,0.0,0.0
512,Scotty Hopson,OKC,1,0,1,17.7,4.0,13.0,9.0,0.7,3.08,2.77,0.308,0.0,0.0,0.0,0.0,0.0,0.0
513,Sekou Doumbouya,LAL,2,0,2,8.2,7.0,11.0,7.5,0.5,2.67,1.86,0.636,0.5,0.0,1.5,0.0,0.0,0.667
514,Semi Ojeleye,LAC,30,14,16,13.5,3.3,13.6,7.0,0.4,1.97,0.9,0.24,0.4,0.2,1.4,0.364,0.6,0.605
515,Serge Ibaka,MIL,53,30,23,16.2,6.7,22.7,13.6,0.6,1.59,0.39,0.297,1.7,0.9,2.9,0.629,0.604,0.909
516,Seth Curry,BKN,64,38,26,33.3,15.0,54.2,37.1,3.0,3.28,2.51,0.277,0.1,0.0,0.1,0.0,0.0,0.25
517,Shai Gilgeous-Alexander,OKC,56,16,40,34.7,24.5,78.3,28.1,7.3,5.6,5.11,0.313,0.3,0.2,0.7,0.714,0.615,0.795
518,Shake Milton,PHI,55,34,21,21.4,8.2,40.0,19.5,2.8,4.16,3.58,0.205,0.1,0.0,0.3,0.857,0.0,0.737
519,Shaq Buchanan,MEM,2,2,0,4.9,1.0,11.0,5.0,0.5,2.48,1.91,0.091,0.0,0.0,1.0,0.0,0.0,1.0
520,Shaquille Harrison,BKN,2,1,1,11.3,2.0,18.0,8.5,0.7,2.42,1.94,0.111,0.0,0.0,1.5,0.0,0.0,0.0
521,Sharife Cooper,ATL,13,8,5,3.0,0.5,7.7,3.0,0.7,5.07,3.92,0.07,0.0,0.0,0.0,0.0,0.0,0.0
522,Skylar Mays,ATL,28,17,11,7.9,2.9,12.7,5.7,0.8,3.83,3.06,0.225,0.1,0.0,0.2,1.0,0.0,0.667
523,Solomon Hill,ATL,13,7,6,10.7,0.6,14.0,6.8,0.4,1.57,0.62,0.044,0.2,0.0,1.0,0.0,0.0,0.154
524,Spencer Dinwiddie,DAL,67,38,29,29.6,13.7,61.0,25.8,5.2,5.14,4.29,0.225,0.4,0.1,0.4,0.32,0.6,0.552
525,Stanley Johnson,LAL,48,16,32,22.8,6.7,31.0,16.2,1.0,1.89,1.09,0.215,1.0,0.1,1.6,0.408,0.8,0.74
526,Stephen Curry,GSW,64,45,19,34.5,25.5,76.9,30.9,5.6,4.36,4.06,0.331,0.7,0.0,1.4,0.556,0.0,0.644
527,Sterling Brown,DAL,49,31,18,12.8,3.3,17.5,9.5,0.6,2.12,1.36,0.187,0.1,0.0,0.6,0.429,0.0,0.433
528,Steven Adams,MEM,75,50,25,26.4,7.0,38.6,23.3,1.2,1.86,0.44,0.182,5.6,1.4,7.8,0.189,0.575,0.656
529,Svi Mykhailiuk,TOR,56,29,27,12.8,4.6,16.1,10.4,0.6,2.24,1.41,0.283,0.2,0.0,0.6,0.692,0.0,0.771
530,T.J. McConnell,IND,27,9,18,24.2,8.5,58.0,19.8,4.4,4.52,4.29,0.146,0.6,0.0,1.3,0.4,0.0,0.686
531,Tacko Fall,CLE,11,4,7,5.3,1.1,7.5,4.2,0.3,2.37,0.46,0.145,0.1,1.1,1.9,0.0,0.167,0.571
532,Taj Gibson,NYK,51,23,28,18.1,4.4,21.1,10.7,0.4,1.26,0.41,0.208,1.3,0.4,3.2,0.53,0.6,0.72
533,Talen Horton-Tucker,LAL,60,23,37,25.2,10.0,43.3,22.1,2.5,3.5,2.69,0.23,0.9,0.2,1.1,0.627,0.444,0.662
534,Taurean Prince,MIN,69,40,29,17.1,7.3,21.0,12.0,0.7,2.01,1.02,0.346,0.2,0.0,0.5,0.5,2.0,0.514
535,Terance Mann,LAC,80,41,39,28.5,10.8,43.3,21.9,2.5,3.44,2.68,0.25,0.9,0.1,2.3,0.536,0.75,0.672
536,Terence Davis,SAC,29,10,19,17.9,10.4,25.7,15.0,1.1,2.66,2.3,0.407,0.2,0.0,0.7,0.857,0.0,1.0
537,Terrence Ross,ORL,63,14,49,23.0,10.0,28.8,20.7,1.3,2.71,1.79,0.346,0.3,0.0,0.3,0.526,0.0,1.0
538,Terry Rozier,CHA,72,38,34,33.7,19.4,68.4,36.2,4.1,3.64,3.11,0.284,0.4,0.0,0.8,0.645,0.0,0.933
539,Terry Taylor,IND,33,7,26,21.6,9.6,26.0,16.3,0.7,1.54,0.73,0.371,1.4,0.2,4.6,1.043,0.25,1.04
540,Thaddeus Young,TOR,52,27,25,16.3,6.2,30.8,18.8,1.0,1.92,0.85,0.201,2.5,0.9,3.5,0.389,0.217,0.722
541,Thanasis Antetokounmpo,MIL,48,26,22,9.9,3.6,12.7,6.5,0.5,2.29,1.53,0.28,0.5,0.2,2.5,0.5,0.75,0.754
542,Theo Maledon,OKC,51,14,37,17.8,7.1,40.0,19.3,2.3,3.38,2.94,0.177,0.2,0.0,0.5,0.583,0.0,0.667
543,Theo Pinson,DAL,19,14,5,7.8,2.5,14.2,8.2,0.5,2.28,1.27,0.178,0.2,0.0,0.2,1.333,0.0,0.667
544,Thomas Bryant,WAS,27,8,19,16.3,7.4,26.3,17.3,0.8,1.82,0.41,0.283,1.9,1.2,3.7,0.38,0.75,1.04
545,Tim Frazier,CLE,12,1,11,17.3,3.3,39.0,13.4,3.0,4.58,4.02,0.083,0.3,0.0,0.3,0.0,0.0,0.667
546,Tim Hardaway Jr.,DAL,42,24,18,29.6,14.2,46.1,28.6,1.8,2.39,1.49,0.309,0.5,0.1,0.8,0.522,0.5,1.0
547,Timothe Luwawu-Cabarrot,ATL,52,30,22,13.2,4.4,15.5,8.9,0.4,1.68,0.86,0.282,0.1,0.0,0.6,0.0,0.0,0.688
548,Tobias Harris,PHI,73,45,28,34.8,17.2,63.7,36.6,3.1,2.93,2.0,0.27,1.0,2.6,2.0,0.629,0.605,1.056
549,Tomas Satoransky,WAS,55,21,34,16.5,3.6,34.8,14.8,2.6,4.41,4.0,0.103,0.3,0.0,1.1,0.071,1.0,0.569
550,Tony Bradley,CHI,55,28,27,10.0,3.0,13.9,7.0,0.3,1.44,0.35,0.213,1.5,0.1,2.8,0.563,0.667,0.75
551,Tony Snell,NOP,53,19,34,15.5,3.5,17.2,8.7,0.5,1.65,0.58,0.205,0.2,0.0,0.5,0.222,0.0,0.88
552,Torrey Craig,PHX,78,36,42,20.5,6.6,27.3,15.7,0.8,1.84,0.89,0.242,0.5,0.0,1.8,1.0,2.0,0.857
553,Trae Young,ATL,76,40,36,34.9,28.4,82.9,25.1,8.7,6.3,5.79,0.342,0.2,0.0,0.7,0.444,0.0,0.717
554,Trayvon Palmer,DET,1,0,1,16.8,0.0,11.0,2.0,0.3,1.5,0.73,0.0,0.0,0.0,0.0,0.0,0.0,0.0
555,Tre Jones,SAS,69,32,37,16.6,6.0,36.9,12.3,2.8,4.59,4.05,0.162,0.4,0.0,0.9,0.966,0.0,0.717
556,Tre Mann,OKC,60,17,43,22.8,10.4,35.1,21.4,2.0,3.47,2.97,0.297,0.1,0.0,0.4,0.857,0.0,0.583
557,Tremont Waters,WAS,3,0,3,16.8,3.3,26.7,9.3,1.9,4.25,4.25,0.125,0.0,0.0,0.3,0.0,0.0,0.0
558,Trendon Watford,POR,48,16,32,18.1,7.6,32.9,16.4,1.2,2.14,1.15,0.231,2.3,0.6,2.3,0.468,0.71,1.054
559,Trent Forrest,UTA,60,36,24,12.8,3.3,24.4,9.0,2.0,5.01,4.56,0.133,0.2,0.0,0.5,0.143,0.0,0.333
560,Trevelin Queen,HOU,10,1,9,7.4,4.3,9.3,6.1,0.3,2.0,1.45,0.462,0.1,0.0,0.9,0.0,0.0,1.0
561,Trevon Scott,CLE,2,1,1,5.7,3.0,9.0,6.0,0.3,1.91,1.11,0.333,0.5,0.0,1.0,2.0,0.0,1.0
562,Trevor Ariza,LAL,24,8,16,19.3,4.0,24.6,14.3,0.6,1.56,0.58,0.162,0.3,0.0,0.9,0.833,0.0,0.857
563,Trey Burke,DAL,42,24,18,10.5,5.1,22.3,10.5,1.8,4.88,4.5,0.228,0.1,0.0,0.1,0.4,0.0,0.5
564,Trey Lyles,SAC,74,19,55,20.4,10.5,35.0,20.3,1.1,1.92,0.87,0.3,1.3,1.1,2.2,0.723,0.667,1.114
565,Trey Murphy III,NOP,62,31,31,13.9,5.4,13.7,9.9,0.4,1.74,0.89,0.393,0.2,0.0,1.0,0.533,0.0,0.923
566,Tristan Thompson,CHI,56,19,37,15.8,6.1,21.0,13.0,0.7,1.88,0.62,0.29,2.4,0.7,4.5,0.548,0.683,0.833
567,Troy Brown Jr.,CHI,66,37,29,16.0,4.3,19.1,9.9,0.6,1.93,1.18,0.224,0.3,0.0,0.9,0.8,0.0,0.712
568,Ty Jerome,OKC,48,15,33,16.7,7.1,34.5,18.6,2.1,3.69,3.08,0.206,0.2,0.0,0.4,0.0,0.0,0.85
569,Tyler Cook,CHI,20,13,7,10.0,3.4,10.7,5.8,0.3,1.61,0.4,0.315,1.3,0.1,2.1,0.76,1.0,0.905
570,Tyler Hall,NYK,1,1,0,1.9,0.0,2.0,1.0,0.0,1.0,1.0,0.0,0.0,0.0,0.0,0.0,0.0,0.0
571,Tyler Herro,MIA,66,44,22,32.6,20.7,65.3,30.6,4.7,4.32,3.83,0.317,0.5,0.0,1.0,1.0,0.0,1.121
572,Tyler Johnson,SAS,6,2,4,15.2,2.8,25.7,14.8,1.2,2.78,2.26,0.11,0.5,0.0,0.0,0.0,0.0,0.0
573,Tyrell Terry,MEM,2,2,0,1.5,1.0,2.0,0.5,0.2,5.5,4.25,0.5,0.0,0.0,0.0,0.0,0.0,0.0
574,Tyrese Haliburton,IND,76,25,51,35.0,15.4,81.3,33.4,6.0,4.41,3.74,0.189,0.3,0.0,0.7,0.435,0.0,0.471
575,Tyrese Maxey,PHI,75,45,30,35.3,17.5,78.6,31.5,5.8,4.45,3.81,0.222,0.2,0.0,0.4,0.538,0.0,0.593
576,Tyrone Wallace,NOP,6,4,2,12.5,2.8,14.5,8.5,0.6,2.69,2.0,0.195,0.3,0.0,0.5,1.0,0.0,1.333
577,Tyus Jones,MEM,72,50,22,21.2,8.6,46.4,17.7,3.8,4.95,4.51,0.185,0.2,0.0,0.2,0.867,0.0,0.733
578,Udoka Azubuike,UTA,17,11,6,11.5,4.7,9.1,5.7,0.2,1.39,0.29,0.519,0.4,0.1,3.9,1.143,0.0,1.061
579,Udonis Haslem,MIA,13,10,3,6.4,2.5,9.2,5.4,0.3,1.66,0.39,0.267,0.9,0.2,1.8,0.583,1.0,0.958
580,Usman Garuba,HOU,24,2,22,10.0,2.0,14.1,5.7,0.3,1.37,0.5,0.142,0.5,0.0,1.5,0.273,0.0,0.649
581,Vernon Carey Jr.,WAS,7,3,4,6.3,2.9,8.0,6.4,0.2,1.84,0.8,0.357,1.1,0.3,2.1,0.125,1.0,0.933
582,Victor Oladipo,MIA,8,4,4,21.6,12.4,42.8,19.5,2.8,3.96,3.5,0.289,0.1,0.0,0.5,0.0,0.0,0.5
583,Vit Krejci,OKC,30,8,22,23.0,6.2,33.5,22.3,1.5,2.62,1.93,0.186,0.3,0.0,1.0,0.6,0.0,0.567
584,Vlatko Cancar,DEN,15,7,8,11.8,4.1,16.6,11.1,0.5,1.64,0.73,0.249,1.5,0.1,1.7,0.318,0.0,0.846
585,Wayne Ellington,LAL,43,15,28,18.8,6.7,20.3,15.1,0.6,1.63,0.86,0.328,0.1,0.0,0.2,0.4,0.0,0.444
586,Wayne Selden,NYK,3,2,1,6.4,1.7,5.0,3.7,0.3,3.01,1.93,0.333,0.0,0.0,0.0,0.0,0.0,0.0
587,Wendell Carter Jr.,ORL,62,16,46,29.9,15.0,60.6,36.5,1.8,1.75,0.5,0.248,4.7,1.5,6.3,0.438,0.469,0.928
588,Wenyen Gabriel,LAL,25,8,17,14.3,5.6,17.0,9.4,0.5,1.62,0.67,0.331,1.2,0.1,3.2,0.433,0.667,0.797
589,Wes Iwundu,ATL,3,2,1,27.4,7.3,30.0,14.7,0.9,1.82,0.94,0.244,0.0,0.0,0.3,0.0,0.0,0.0
590,Wesley Matthews,MIL,49,33,16,20.5,5.1,17.0,11.8,0.4,1.52,0.62,0.3,0.2,0.0,1.1,0.7,0.0,0.636
591,Will Barton,DEN,71,41,30,32.1,14.7,54.1,31.9,3.1,3.44,2.54,0.272,0.9,0.1,1.5,0.621,0.4,0.771
592,Willie Cauley-Stein,PHI,20,12,8,9.1,1.7,12.0,6.3,0.3,1.38,0.48,0.142,1.0,0.1,2.2,0.211,0.0,0.535
593,Willy Hernangomez,NOP,50,22,28,16.8,9.1,35.3,22.4,0.9,1.51,0.5,0.256,2.9,1.6,6.7,0.51,0.524,0.817
594,Xavier Moon,LAC,10,7,3,13.7,5.8,30.8,10.5,2.2,4.36,4.16,0.188,0.0,0.0,0.1,0.0,0.0,0.0
595,Xavier Sneed,UTA,9,7,2,4.3,0.6,4.1,2.6,0.1,1.51,0.54,0.135,0.0,0.0,0.2,0.0,0.0,0.0
596,Xavier Tillman,MEM,53,35,18,13.2,4.8,22.6,13.0,0.7,1.74,0.63,0.211,2.7,0.5,2.8,0.312,0.44,0.762
597,Yuta Watanabe,TOR,38,21,17,11.7,4.3,16.0,9.1,0.5,1.81,1.07,0.269,0.3,0.0,0.8,0.909,0.0,0.667
598,Yves Pons,MEM,12,9,3,5.9,1.1,4.7,3.1,0.1,1.56,0.68,0.232,0.2,0.0,0.6,0.0,0.0,0.571
599,Zach Collins,SAS,28,14,14,17.9,7.8,31.6,20.8,1.0,1.82,0.56,0.247,3.1,1.9,4.7,0.602,0.528,0.606
600,Zach LaVine,CHI,67,37,30,34.7,24.4,61.4,31.2,4.5,4.38,3.75,0.397,0.8,0.4,1.1,0.909,0.538,1.053
601,Zavier Simpson,OKC,4,1,3,43.5,11.0,113.3,45.3,8.5,4.49,4.31,0.097,0.5,0.0,0.0,0.0,0.0,0.0
602,Zeke Nnaji,DEN,41,24,17,17.0,6.6,18.0,11.0,0.4,1.34,0.35,0.365,1.0,0.1,2.6,0.513,0.0,0.944
603,Ziaire Williams,MEM,61,40,21,21.7,8.0,19.8,13.5,0.6,1.91,1.25,0.404,0.4,0.0,1.2,0.815,0.667,1.224
604,Zylan Cheatham,UTA,1,0,1,5.2,0.0,6.0,4.0,0.1,1.15,0.17,0.0,0.0,0.0,0.0,0.0,0.0,0.0
