,PLAYER,TEAM,GP,W,L,MIN,DRIVES,FGM,FGA,FG%,FTM,FTA,FT%,PTS,PTS%,PASS,PASS%,AST,AST%,TO,TOV%,PF,PF%
0,Aaron Gordon,DEN,75,46,29,31.7,3.5,0.8,1.6,53.0,0.4,0.5,80.0,2.2,64.1,1.1,32.8,0.2,6.9,0.3,8.9,0.3,7.7
1,Aaron Henry,PHI,6,6,0,2.8,0.2,0.0,0.2,0.0,0.0,0.0,0.0,0.0,0.0,0.0,0.0,0.0,0.0,0.0,0.0,0.0,0.0
2,Aaron Holiday,PHX,63,34,29,16.2,6.4,1.2,2.7,46.1,0.4,0.5,90.0,2.9,46.1,2.8,44.6,0.8,13.0,0.5,7.5,0.2,3.7
3,Aaron Nesmith,BOS,52,32,20,11.0,1.3,0.3,0.6,55.2,0.1,0.1,100.0,0.8,60.0,0.5,34.3,0.0,1.4,0.2,12.9,0.1,4.3
4,Aaron Wiggins,OKC,50,13,37,24.2,4.1,0.8,1.7,46.0,0.5,0.8,66.7,2.2,55.2,1.6,38.4,0.3,7.9,0.3,7.4,0.4,9.4
5,Abdel Nader,PHX,14,11,3,10.4,2.1,0.2,1.0,21.4,0.1,0.1,50.0,0.5,24.1,0.6,31.0,0.1,6.9,0.2,10.3,0.1,3.4
6,Ade Murkey,SAC,1,0,1,1.5,0.0,0.0,0.0,0.0,0.0,0.0,0.0,0.0,0.0,0.0,0.0,0.0,0.0,0.0,0.0,0.0,0.0
7,Admiral Schofield,ORL,38,10,28,12.3,1.2,0.4,0.6,60.9,0.2,0.3,90.0,1.0,84.1,0.3,29.5,0.1,9.1,0.1,4.5,0.1,11.4
8,Ahmad Caver,IND,1,0,1,0.9,0.0,0.0,0.0,0.0,0.0,0.0,0.0,0.0,0.0,0.0,0.0,0.0,0.0,0.0,0.0,0.0,0.0
9,Al Horford,BOS,68,46,22,29.0,1.2,0.3,0.5,62.5,0.3,0.3,89.5,0.9,69.9,0.5,44.6,0.1,9.6,0.0,3.6,0.1,10.8
10,Alec Burks,NYK,80,36,44,28.5,6.2,0.9,2.6,34.6,1.1,1.4,76.1,3.0,48.3,2.3,37.3,0.6,8.8,0.3,4.8,0.7,11.2
11,Aleem Ford,ORL,5,2,3,14.7,1.2,0.4,0.6,66.7,0.0,0.0,0.0,0.8,66.7,0.2,16.7,0.2,16.7,0.4,33.3,0.0,0.0
12,Aleksej Pokusevski,OKC,61,19,42,20.2,3.9,0.5,1.2,38.7,0.2,0.3,83.3,1.2,30.8,2.0,51.3,0.4,10.8,0.4,10.0,0.1,3.8
13,Alex Caruso,CHI,41,24,17,28.0,4.0,0.6,1.4,41.4,0.4,0.4,83.3,1.6,39.0,2.0,51.2,0.4,11.0,0.2,5.5,0.2,5.5
14,Alex Len,SAC,39,17,22,15.9,0.3,0.2,0.3,72.7,0.0,0.0,0.0,0.5,138.5,0.0,0.0,0.0,0.0,0.1,15.4,0.0,0.0
15,Alfonzo McKinnie,CHI,17,8,9,12.1,0.9,0.2,0.5,33.3,0.1,0.1,50.0,0.4,43.8,0.1,12.5,0.0,0.0,0.2,25.0,0.1,6.3
16,Alize Johnson,NOP,23,14,9,7.3,0.3,0.0,0.2,0.0,0.0,0.0,0.0,0.0,0.0,0.1,25.0,0.0,12.5,0.0,12.5,0.0,0.0
17,Alperen Sengun,HOU,72,18,54,20.7,3.4,0.7,1.6,41.6,0.6,0.8,75.9,2.0,58.4,0.9,27.2,0.2,4.5,0.3,8.6,0.4,11.9
18,Amir Coffey,LAC,68,33,35,22.7,3.1,0.8,1.5,53.3,0.5,0.6,92.3,2.3,73.7,1.0,33.0,0.2,5.3,0.2,5.7,0.3,9.6
19,Andre Drummond,BKN,73,42,31,19.7,1.0,0.2,0.5,41.0,0.1,0.2,71.4,0.6,61.4,0.2,21.4,0.0,1.4,0.1,11.4,0.1,10.0
20,Andre Iguodala,GSW,30,20,10,19.4,0.8,0.1,0.2,66.7,0.1,0.1,100.0,0.3,43.5,0.5,65.2,0.1,13.0,0.0,4.3,0.0,4.3
21,Andrew Wiggins,GSW,72,47,25,31.9,6.9,1.4,3.0,48.8,0.8,1.3,64.8,3.8,55.1,2.7,38.9,0.4,6.1,0.4,5.9,0.6,9.1
22,Anfernee Simons,POR,57,25,32,29.5,7.6,1.8,3.6,50.5,0.7,0.8,87.2,4.4,58.1,2.7,36.1,0.7,8.8,0.6,8.3,0.4,5.3
23,Anthony Davis,LAL,40,17,23,35.1,2.7,0.9,1.4,61.4,0.4,0.5,70.0,2.3,84.1,0.6,21.5,0.2,6.5,0.4,13.1,0.3,9.3
24,Anthony Edwards,MIN,72,39,33,34.3,10.8,2.5,5.0,50.0,1.4,1.8,81.3,6.7,61.7,3.7,34.4,0.7,6.4,0.9,8.2,0.9,8.2
25,Anthony Gill,WAS,44,15,29,10.5,1.2,0.3,0.7,46.7,0.2,0.3,90.9,0.9,76.5,0.3,27.5,0.1,5.9,0.0,2.0,0.1,11.8
26,Anthony Lamb,HOU,2,0,2,3.8,0.0,0.0,0.0,0.0,0.0,0.0,0.0,0.0,0.0,0.0,0.0,0.0,0.0,0.0,0.0,0.0,0.0
27,Armoni Brooks,TOR,54,20,34,15.6,1.3,0.2,0.4,54.2,0.1,0.1,87.5,0.6,48.6,0.7,52.9,0.2,15.7,0.1,5.7,0.1,5.7
28,Arnoldas Kulboka,CHA,2,2,0,2.7,0.0,0.0,0.0,0.0,0.0,0.0,0.0,0.0,0.0,0.0,0.0,0.0,0.0,0.0,0.0,0.0,0.0
29,Austin Reaves,LAL,61,28,33,23.2,2.8,0.6,1.0,59.4,0.5,0.7,82.5,1.9,67.9,1.2,42.9,0.3,9.5,0.1,3.6,0.3,11.9
30,Austin Rivers,DEN,67,41,26,22.1,3.2,0.7,1.3,52.4,0.3,0.4,73.3,1.7,52.4,1.3,40.6,0.3,9.4,0.3,8.5,0.2,7.1
31,Avery Bradley,LAL,62,27,35,22.7,1.0,0.1,0.5,25.8,0.0,0.0,100.0,0.3,30.2,0.4,42.9,0.1,9.5,0.0,3.2,0.0,1.6
32,Ayo Dosunmu,CHI,77,42,35,27.4,4.2,0.9,1.7,53.4,0.1,0.1,72.7,2.0,46.5,2.1,49.8,0.6,13.8,0.3,7.1,0.1,1.8
33,BJ Johnson,ORL,4,2,2,16.2,1.3,0.5,1.0,50.0,0.0,0.0,0.0,1.0,80.0,0.3,20.0,0.0,0.0,0.0,0.0,0.0,0.0
34,Bam Adebayo,MIA,56,36,20,32.6,3.6,1.1,1.9,58.7,0.8,0.9,87.5,3.1,86.1,0.8,22.4,0.1,2.0,0.2,5.0,0.4,11.4
35,Ben McLemore,POR,64,20,44,20.1,1.0,0.2,0.3,45.5,0.1,0.2,90.0,0.5,46.3,0.5,47.8,0.1,9.0,0.1,9.0,0.1,7.5
36,Bismack Biyombo,PHX,35,29,6,14.1,0.0,0.0,0.0,0.0,0.0,0.0,0.0,0.0,0.0,0.0,0.0,0.0,0.0,0.0,0.0,0.0,0.0
37,Blake Griffin,BKN,56,29,27,17.1,0.7,0.2,0.3,47.4,0.1,0.1,66.7,0.4,55.0,0.3,40.0,0.1,10.0,0.0,5.0,0.1,7.5
38,Boban Marjanovic,DAL,23,15,8,5.6,0.0,0.0,0.0,0.0,0.0,0.0,0.0,0.0,0.0,0.0,0.0,0.0,0.0,0.0,0.0,0.0,0.0
39,Bobby Portis,MIL,72,46,26,28.2,1.5,0.5,0.9,48.5,0.1,0.1,80.0,1.0,70.1,0.3,23.4,0.0,2.8,0.1,5.6,0.1,4.7
40,Bogdan Bogdanovic,ATL,63,33,30,29.3,6.5,1.5,2.8,51.7,0.7,0.8,92.0,3.7,56.9,2.8,42.6,0.9,13.2,0.3,4.7,0.4,6.1
41,Bojan Bogdanovic,UTA,69,45,24,30.9,6.2,1.6,3.2,50.0,1.1,1.2,93.8,4.4,70.4,1.7,26.8,0.4,6.1,0.6,9.8,0.6,9.6
42,Bol Bol,ORL,14,5,9,5.8,0.8,0.2,0.4,50.0,0.0,0.0,0.0,0.5,63.6,0.4,45.5,0.1,18.2,0.0,0.0,0.0,0.0
43,Bones Hyland,DEN,69,41,28,19.0,4.0,0.6,1.5,37.5,0.4,0.4,89.3,1.5,37.7,1.8,43.8,0.6,14.1,0.4,9.8,0.2,5.1
44,Brad Wanamaker,WAS,23,10,13,13.9,4.0,0.6,1.3,41.9,0.2,0.3,66.7,1.4,35.9,2.1,53.3,0.4,10.9,0.3,8.7,0.1,3.3
45,Bradley Beal,WAS,40,17,23,36.0,17.4,3.9,8.3,47.3,2.0,2.3,88.0,10.0,57.3,6.4,36.8,1.7,9.5,1.1,6.0,1.2,6.6
46,Brandon Boston Jr.,LAC,50,26,24,14.8,2.4,0.5,1.4,33.3,0.2,0.3,75.0,1.2,50.8,0.6,24.6,0.1,5.7,0.1,4.9,0.2,6.6
47,Brandon Clarke,MEM,63,43,20,19.4,1.7,0.7,1.1,56.9,0.1,0.2,75.0,1.5,83.6,0.4,23.6,0.1,4.5,0.1,4.5,0.1,5.5
48,Brandon Goodwin,CLE,36,19,17,13.9,4.9,0.9,1.8,51.6,0.1,0.3,50.0,2.1,42.7,2.7,54.5,0.7,14.6,0.2,4.5,0.1,2.8
49,Brandon Ingram,NOP,54,28,26,34.0,11.9,2.6,5.1,51.6,1.8,2.2,81.5,7.3,61.4,4.5,37.7,1.2,10.5,0.8,6.4,1.1,9.4
50,Brandon Knight,DAL,5,2,3,12.9,5.0,0.8,1.0,80.0,0.0,0.0,0.0,1.6,32.0,3.4,68.0,0.2,4.0,0.2,4.0,0.0,0.0
51,Brandon Williams,POR,24,2,22,26.7,10.5,1.8,4.7,37.5,1.1,1.8,59.1,4.8,45.6,4.0,38.1,1.1,10.3,0.6,6.0,0.9,8.7
52,Braxton Key,DET,11,5,6,17.9,1.7,0.6,1.2,53.8,0.0,0.0,0.0,1.4,78.9,0.5,26.3,0.0,0.0,0.1,5.3,0.0,0.0
53,Brodric Thomas,BOS,12,8,4,5.0,0.8,0.1,0.2,50.0,0.0,0.0,0.0,0.2,22.2,0.6,77.8,0.2,22.2,0.0,0.0,0.0,0.0
54,Brook Lopez,MIL,13,10,3,23.0,0.9,0.3,0.6,50.0,0.2,0.2,100.0,0.8,83.3,0.1,8.3,0.1,8.3,0.2,16.7,0.1,8.3
55,Bruce Brown,BKN,72,37,35,24.6,2.6,0.5,1.1,44.4,0.4,0.5,88.6,1.5,57.2,1.1,41.2,0.2,7.0,0.1,4.8,0.2,9.1
56,Bruno Fernando,HOU,30,15,15,5.1,0.5,0.2,0.2,71.4,0.1,0.2,57.1,0.5,100.0,0.0,0.0,0.0,0.0,0.1,28.6,0.1,28.6
57,Bryn Forbes,DEN,75,36,39,17.1,2.7,0.6,1.3,45.0,0.4,0.4,90.0,1.6,57.8,0.9,32.8,0.1,5.4,0.2,8.8,0.2,7.4
58,Buddy Hield,IND,80,25,55,30.9,5.5,1.0,2.2,44.1,0.3,0.4,85.7,2.3,41.9,2.7,48.0,0.5,8.6,0.4,6.3,0.2,3.4
59,CJ Elleby,POR,58,17,41,20.2,2.9,0.4,1.1,35.5,0.4,0.5,78.6,1.2,40.1,1.2,42.5,0.2,8.4,0.2,7.8,0.2,8.4
60,CJ McCollum,NOP,62,28,34,34.6,11.2,3.0,6.0,49.3,0.7,1.0,67.7,6.8,60.8,3.8,33.9,1.0,9.1,0.6,5.6,0.5,4.6
61,CJ Miles,BOS,1,1,0,2.0,0.0,0.0,0.0,0.0,0.0,0.0,0.0,0.0,0.0,0.0,0.0,0.0,0.0,0.0,0.0,0.0,0.0
62,Cade Cunningham,DET,63,20,43,32.6,14.6,3.2,6.5,49.4,1.3,1.4,90.1,7.8,53.4,5.9,40.7,1.3,8.7,1.0,6.7,0.7,4.9
63,Caleb Martin,MIA,60,37,23,22.9,3.1,0.7,1.3,55.1,0.6,0.8,68.8,2.0,65.4,1.0,30.8,0.1,4.3,0.3,10.8,0.4,13.5
64,Cam Reddish,NYK,49,20,29,20.7,4.5,1.1,2.3,47.7,0.9,1.0,89.6,3.2,70.8,1.2,26.9,0.2,4.1,0.4,8.7,0.5,11.0
65,Cam Thomas,BKN,67,32,35,17.6,4.4,1.4,2.5,54.8,0.4,0.4,80.0,3.1,70.7,1.3,30.0,0.3,6.7,0.3,5.7,0.2,5.1
66,Cameron Johnson,PHX,65,49,16,26.1,3.0,0.6,1.2,46.3,0.3,0.4,78.6,1.6,52.3,1.2,39.9,0.2,8.3,0.3,9.3,0.2,7.3
67,Cameron McGriff,POR,3,0,3,15.3,2.3,0.0,0.7,0.0,0.7,0.7,100.0,0.7,28.6,1.3,57.1,0.3,14.3,0.0,0.0,0.3,14.3
68,Cameron Oliver,ATL,2,1,1,21.7,0.0,0.0,0.0,0.0,0.0,0.0,0.0,0.0,0.0,0.0,0.0,0.0,0.0,0.0,0.0,0.0,0.0
69,Cameron Payne,PHX,57,45,12,22.1,9.7,2.3,5.2,44.2,0.9,1.0,89.3,5.5,56.7,3.0,31.0,1.0,10.7,0.8,8.7,0.5,5.1
70,Caris LeVert,CLE,58,23,35,30.7,14.9,3.6,7.3,50.0,1.2,1.7,69.4,8.7,58.6,5.7,38.4,1.2,7.9,0.7,4.6,0.9,5.8
71,Carlik Jones,DEN,5,3,2,4.7,1.4,0.2,0.4,50.0,0.0,0.0,0.0,0.4,28.6,0.8,57.1,0.4,28.6,0.2,14.3,0.0,0.0
72,Carmelo Anthony,LAL,69,27,42,26.0,0.7,0.3,0.5,56.3,0.1,0.1,75.0,0.6,91.3,0.1,17.4,0.0,2.2,0.0,4.3,0.1,8.7
73,Carsen Edwards,DET,4,1,3,19.8,3.3,0.3,1.5,16.7,0.0,0.0,0.0,0.5,15.4,1.5,46.2,0.8,23.1,0.3,7.7,0.0,0.0
74,Cassius Stanley,DET,9,3,6,17.2,3.0,0.9,1.9,47.1,0.2,0.2,100.0,2.1,70.4,0.7,22.2,0.1,3.7,0.1,3.7,0.1,3.7
75,Cassius Winston,WAS,7,1,6,5.6,2.0,0.1,0.4,33.3,0.3,0.3,100.0,0.6,28.6,1.4,71.4,0.3,14.3,0.0,0.0,0.1,7.1
76,Cat Barber,ATL,3,0,3,4.3,2.3,0.0,0.7,0.0,0.0,0.0,0.0,0.0,0.0,1.3,57.1,0.3,14.3,0.3,14.3,0.0,0.0
77,Cedi Osman,CLE,66,37,29,22.1,3.5,0.6,1.3,44.9,0.4,0.6,64.1,1.6,45.7,1.5,43.6,0.3,9.0,0.2,5.1,0.3,8.1
78,Chandler Hutchison,PHX,6,4,2,3.7,0.5,0.0,0.0,0.0,0.3,0.3,100.0,0.3,66.7,0.3,66.7,0.0,0.0,0.0,0.0,0.2,33.3
79,Charles Bassey,PHI,23,11,12,7.3,0.0,0.0,0.0,0.0,0.0,0.0,0.0,0.0,0.0,0.0,100.0,0.0,0.0,0.0,0.0,0.0,0.0
80,Charlie Brown Jr.,PHI,22,16,6,8.1,0.3,0.0,0.2,25.0,0.1,0.1,100.0,0.2,66.7,0.0,0.0,0.0,0.0,0.0,16.7,0.0,16.7
81,Chaundee Brown Jr.,ATL,5,1,4,20.7,1.8,0.2,0.8,25.0,0.8,0.8,100.0,1.2,66.7,0.6,33.3,0.0,0.0,0.0,0.0,0.4,22.2
82,Cheick Diallo,DET,3,0,3,10.2,0.7,0.0,0.0,0.0,1.0,1.3,75.0,1.0,150.0,0.0,0.0,0.0,0.0,0.0,0.0,0.7,100.0
83,Chimezie Metu,SAC,59,22,37,21.6,3.1,0.6,1.4,40.0,0.6,0.8,82.6,1.8,59.1,0.9,28.2,0.2,7.7,0.3,8.8,0.4,12.7
84,Chris Boucher,TOR,80,48,32,21.1,0.6,0.1,0.3,40.0,0.2,0.2,77.8,0.5,84.1,0.1,11.4,0.0,0.0,0.0,4.5,0.1,20.5
85,Chris Chiozza,GSW,33,21,12,11.2,3.7,0.1,0.5,16.7,0.0,0.0,0.0,0.2,5.0,2.5,67.8,0.4,10.7,0.5,14.9,0.0,0.0
86,Chris Duarte,IND,55,21,34,28.0,6.6,1.1,2.8,39.0,0.6,0.8,79.5,2.9,43.9,2.4,37.0,0.5,8.0,0.8,11.6,0.4,6.1
87,Chris Paul,PHX,64,52,12,32.9,11.9,2.8,4.9,58.2,0.5,0.5,90.6,6.2,52.2,6.0,50.1,1.7,14.2,0.6,5.0,0.3,2.1
88,Chris Silva,MIA,10,7,3,9.1,0.0,0.0,0.0,0.0,0.0,0.0,0.0,0.0,0.0,0.0,0.0,0.0,0.0,0.0,0.0,0.0,0.0
89,Christian Wood,HOU,68,19,49,30.8,4.4,1.3,2.5,53.0,0.6,1.0,63.2,3.3,74.3,1.0,23.3,0.3,7.3,0.3,6.7,0.5,11.0
90,Chuma Okeke,ORL,70,21,49,25.0,3.1,0.5,1.2,41.0,0.2,0.3,80.0,1.2,39.3,1.5,47.0,0.3,10.5,0.3,8.2,0.1,4.6
91,Clint Capela,ATL,74,40,34,27.6,0.2,0.1,0.1,44.4,0.1,0.1,70.0,0.2,88.2,0.0,5.9,0.0,0.0,0.0,11.8,0.1,29.4
92,Coby White,CHI,61,32,29,27.5,6.9,1.5,3.1,49.7,0.5,0.6,86.1,3.6,52.4,2.9,42.6,0.7,9.8,0.5,6.9,0.3,4.3
93,Cody Martin,CHA,70,41,29,26.4,3.5,0.7,1.3,48.9,0.2,0.2,75.0,1.6,45.3,1.6,46.9,0.5,13.1,0.3,9.8,0.1,3.3
94,Cody Zeller,POR,27,13,14,13.1,0.7,0.2,0.4,50.0,0.1,0.1,50.0,0.4,66.7,0.2,27.8,0.0,5.6,0.0,0.0,0.1,16.7
95,Cole Anthony,ORL,65,18,47,31.7,11.3,2.0,4.4,44.4,1.2,1.4,86.0,5.4,47.6,4.9,43.4,1.1,9.4,0.9,7.8,0.7,6.5
96,Collin Sexton,CLE,11,7,4,28.8,11.4,2.4,4.7,50.0,1.3,1.5,87.5,6.2,54.4,3.9,34.4,0.8,7.2,1.3,11.2,0.8,7.2
97,Corey Kispert,WAS,77,31,46,23.4,1.4,0.3,0.7,51.0,0.1,0.2,91.7,0.8,59.6,0.5,38.5,0.2,11.9,0.1,7.3,0.1,5.5
98,Cory Joseph,DET,65,19,46,24.6,6.8,1.1,2.2,48.9,0.5,0.6,84.6,2.7,40.2,3.6,52.6,0.8,11.1,0.5,7.2,0.3,4.3
99,Craig Sword,WAS,3,1,2,6.3,1.0,0.0,0.0,0.0,0.0,0.0,0.0,0.0,0.0,1.0,100.0,0.0,0.0,0.0,0.0,0.0,0.0
100,D'Angelo Russell,MIN,65,39,26,31.9,6.1,1.6,3.2,51.0,0.8,1.0,81.3,4.2,68.9,1.9,31.4,0.4,7.1,0.3,4.3,0.5,8.1
101,D.J. Augustin,LAL,55,15,40,16.1,3.4,0.2,0.6,37.1,0.2,0.2,90.0,0.7,20.5,2.1,61.1,0.3,9.2,0.5,14.1,0.1,2.7
102,D.J. Wilson,TOR,4,2,2,13.5,1.0,0.0,0.3,0.0,0.8,1.0,75.0,0.8,75.0,0.3,25.0,0.0,0.0,0.0,0.0,0.5,50.0
103,DaQuan Jeffries,MEM,2,2,0,2.2,0.0,0.0,0.0,0.0,0.0,0.0,0.0,0.0,0.0,0.0,0.0,0.0,0.0,0.0,0.0,0.0,0.0
104,Daishen Nix,HOU,24,3,21,10.9,3.6,0.5,1.0,45.8,0.3,0.7,43.8,1.3,34.9,1.9,53.5,0.4,11.6,0.2,5.8,0.3,9.3
105,Dakota Mathias,MEM,5,4,1,2.6,0.0,0.0,0.0,0.0,0.0,0.0,0.0,0.0,0.0,0.0,0.0,0.0,0.0,0.0,0.0,0.0,0.0
106,Dalano Banton,TOR,64,37,27,10.9,2.5,0.4,0.9,39.0,0.1,0.1,87.5,0.8,33.3,1.3,50.6,0.3,13.0,0.2,6.8,0.1,2.5
107,Damian Jones,SAC,55,18,37,18.4,0.7,0.2,0.4,65.0,0.1,0.1,50.0,0.6,86.8,0.1,21.1,0.0,2.6,0.1,7.9,0.1,7.9
108,Damian Lillard,POR,29,12,17,36.4,14.9,2.8,5.7,49.7,2.4,2.7,89.7,8.2,55.2,6.5,43.6,1.9,12.5,0.6,4.2,1.3,9.0
109,Damion Lee,GSW,62,41,21,19.8,3.0,0.7,1.3,50.6,0.2,0.3,81.3,1.6,53.0,1.3,42.7,0.2,6.5,0.2,5.9,0.1,4.3
110,Damyean Dotson,NYK,2,1,1,10.3,1.5,1.0,1.5,66.7,0.0,0.0,0.0,2.0,133.3,0.0,0.0,0.0,0.0,0.0,0.0,0.0,0.0
111,Daniel Gafford,WAS,72,30,42,20.1,0.3,0.1,0.2,50.0,0.0,0.1,50.0,0.3,81.8,0.1,18.2,0.0,0.0,0.0,0.0,0.0,9.1
112,Daniel Oturu,TOR,3,1,2,9.1,1.0,0.3,0.7,50.0,0.7,0.7,100.0,1.3,133.3,0.0,0.0,0.0,0.0,0.0,0.0,0.3,33.3
113,Daniel Theis,BOS,47,20,27,20.8,0.6,0.1,0.3,41.7,0.0,0.0,50.0,0.2,42.3,0.2,34.6,0.0,7.7,0.1,15.4,0.0,3.8
114,Danilo Gallinari,ATL,66,35,31,25.3,2.5,0.5,1.1,49.3,0.4,0.5,90.6,1.6,63.0,0.8,33.3,0.2,8.5,0.2,6.1,0.2,9.7
115,Danny Green,PHI,62,37,25,21.8,0.9,0.1,0.4,34.8,0.0,0.0,100.0,0.3,31.6,0.5,52.6,0.1,10.5,0.0,5.3,0.0,1.8
116,Danuel House Jr.,UTA,42,18,24,17.3,2.2,0.2,0.7,29.0,0.3,0.4,87.5,0.8,34.4,1.0,44.1,0.2,10.8,0.2,7.5,0.2,8.6
117,Darius Bazley,OKC,69,19,50,27.9,5.4,1.1,2.7,40.2,0.7,1.0,71.0,2.9,54.9,1.6,30.0,0.3,5.4,0.4,7.8,0.5,9.7
118,Darius Garland,CLE,68,37,31,35.7,17.5,3.2,6.4,50.3,1.1,1.3,89.5,7.8,44.5,8.5,48.5,2.4,13.5,1.4,7.9,0.6,3.6
119,Darren Collison,LAL,3,1,2,12.4,1.0,0.0,0.0,0.0,0.0,0.0,0.0,0.0,0.0,1.0,100.0,0.0,0.0,0.0,0.0,0.0,0.0
120,David Duke Jr.,BKN,22,10,12,15.5,2.3,0.2,1.0,23.8,0.1,0.2,75.0,0.6,25.5,1.0,41.2,0.1,5.9,0.2,9.8,0.1,3.9
121,David Johnson,TOR,2,2,0,1.0,0.0,0.0,0.0,0.0,0.0,0.0,0.0,0.0,0.0,0.0,0.0,0.0,0.0,0.0,0.0,0.0,0.0
122,David Nwaba,HOU,46,6,40,13.2,1.7,0.4,0.8,45.9,0.4,0.6,64.3,1.2,68.8,0.3,20.8,0.1,5.2,0.1,7.8,0.3,18.2
123,Davion Mitchell,SAC,74,27,47,27.7,9.7,1.9,3.8,50.2,0.2,0.4,60.7,4.0,41.7,5.0,51.2,1.4,14.9,0.6,5.7,0.2,2.0
124,Davis Bertans,DAL,56,32,24,14.4,0.9,0.1,0.2,23.1,0.0,0.0,100.0,0.1,16.3,0.5,57.1,0.1,6.1,0.1,12.2,0.0,2.0
125,Davon Reed,DEN,48,29,19,13.9,1.1,0.3,0.5,46.2,0.0,0.0,50.0,0.5,45.5,0.5,45.5,0.1,10.9,0.0,3.6,0.0,1.8
126,Day'Ron Sharpe,BKN,32,12,20,12.2,0.4,0.1,0.3,37.5,0.0,0.0,0.0,0.2,50.0,0.1,25.0,0.0,0.0,0.0,0.0,0.0,0.0
127,De'Aaron Fox,SAC,58,21,37,35.4,16.7,4.7,9.1,51.8,2.4,3.3,73.0,12.2,73.2,4.4,26.7,1.0,6.1,1.1,6.6,1.6,9.8
128,De'Andre Hunter,ATL,53,28,25,29.8,5.6,1.3,3.1,43.3,1.1,1.5,75.3,3.8,67.6,1.2,21.7,0.5,8.0,0.3,5.7,0.7,12.7
129,De'Anthony Melton,MEM,72,48,24,22.7,4.6,0.7,1.8,38.5,0.4,0.5,82.4,1.8,39.7,2.1,45.5,0.5,10.3,0.4,7.9,0.2,5.2
130,DeAndre Jordan,PHI,48,26,22,13.0,0.0,0.0,0.0,100.0,0.0,0.0,0.0,0.0,200.0,0.0,0.0,0.0,0.0,0.0,0.0,0.0,0.0
131,DeAndre' Bembry,MIL,56,31,25,18.3,1.8,0.5,1.0,50.0,0.1,0.1,87.5,1.1,62.1,0.6,32.0,0.1,4.9,0.1,7.8,0.1,3.9
132,DeJon Jarreau,IND,1,0,1,0.9,1.0,0.0,0.0,0.0,0.0,0.0,0.0,0.0,0.0,1.0,100.0,0.0,0.0,0.0,0.0,0.0,0.0
133,DeMar DeRozan,CHI,76,43,33,36.1,15.0,4.0,7.1,55.9,2.3,2.6,89.2,10.7,71.3,5.3,35.7,1.3,8.5,0.8,5.5,1.3,8.8
134,DeMarcus Cousins,DEN,48,33,15,14.9,2.0,0.5,0.9,54.5,0.3,0.4,65.0,1.3,68.1,0.5,23.4,0.1,7.4,0.3,12.8,0.2,10.6
135,Dean Wade,CLE,51,27,24,19.2,1.2,0.3,0.5,56.0,0.1,0.1,66.7,0.7,54.8,0.6,50.0,0.2,12.9,0.1,4.8,0.1,4.8
136,Deandre Ayton,PHX,58,46,12,29.5,0.5,0.2,0.3,57.9,0.0,0.1,50.0,0.4,88.9,0.1,11.1,0.0,3.7,0.0,3.7,0.0,7.4
137,Deividas Sirvydis,DET,3,1,2,8.9,0.3,0.0,0.3,0.0,0.0,0.0,0.0,0.0,0.0,0.0,0.0,0.0,0.0,0.0,0.0,0.0,0.0
138,Dejounte Murray,SAS,68,30,38,34.8,17.9,3.7,7.4,50.5,1.5,1.8,81.1,9.2,51.3,8.1,45.1,2.5,14.0,1.1,5.9,0.9,4.9
139,Delon Wright,ATL,77,42,35,18.9,3.6,0.5,1.2,41.1,0.3,0.4,83.3,1.3,35.8,2.0,54.8,0.6,15.4,0.2,5.4,0.2,5.4
140,Deni Avdija,WAS,82,35,47,24.2,3.9,0.9,1.9,49.3,0.3,0.4,84.8,2.2,56.6,1.2,32.1,0.4,9.1,0.4,10.1,0.2,5.0
141,Dennis Schroder,HOU,63,32,31,28.7,10.7,2.2,4.5,49.3,1.3,1.5,85.4,5.9,55.5,4.3,39.9,1.2,11.2,0.9,8.0,0.8,7.1
142,Dennis Smith Jr.,POR,37,15,22,17.3,7.6,1.2,2.8,43.3,0.4,0.6,62.5,2.9,38.7,3.8,50.4,1.1,13.8,0.5,6.7,0.3,4.3
143,Denzel Valentine,UTA,24,14,10,9.3,1.0,0.1,0.4,22.2,0.0,0.1,50.0,0.2,20.0,0.6,56.0,0.1,12.0,0.0,4.0,0.0,4.0
144,Derrick Favors,OKC,39,15,24,16.7,0.0,0.0,0.0,0.0,0.0,0.0,0.0,0.0,0.0,0.0,0.0,0.0,0.0,0.0,0.0,0.0,0.0
145,Derrick Jones Jr.,CHI,51,28,23,17.6,0.6,0.1,0.3,31.3,0.1,0.1,66.7,0.3,45.5,0.1,18.2,0.0,0.0,0.1,18.2,0.1,9.1
146,Derrick Rose,NYK,26,11,15,24.5,9.6,2.4,4.6,52.9,0.8,0.8,100.0,5.7,59.2,4.0,41.2,0.9,9.6,0.6,6.0,0.4,4.4
147,Derrick Walton Jr.,DET,3,1,2,36.1,14.7,0.3,3.0,11.1,0.7,0.7,100.0,1.3,9.1,9.0,61.4,3.0,20.5,2.3,15.9,0.3,2.3
148,Derrick White,BOS,75,40,35,29.3,10.3,1.8,3.7,48.6,1.3,1.6,82.1,5.1,49.5,4.7,46.0,1.3,12.5,0.5,4.5,0.8,7.9
149,Desmond Bane,MEM,76,53,23,29.8,5.3,1.4,3.1,44.9,0.4,0.4,96.4,3.2,59.8,1.7,31.4,0.4,6.9,0.3,5.9,0.2,3.5
150,Devin Booker,PHX,67,55,12,34.5,9.7,2.3,5.0,46.0,1.2,1.4,88.2,6.0,61.9,3.1,32.4,0.7,7.4,0.6,5.7,0.7,7.1
151,Devin Cannady,ORL,5,2,3,28.9,0.6,0.0,0.2,0.0,0.0,0.0,0.0,0.0,0.0,0.4,66.7,0.2,33.3,0.0,0.0,0.0,0.0
152,Devin Vassell,SAS,71,29,42,27.3,4.4,1.1,2.2,50.3,0.4,0.5,81.3,2.7,60.6,1.6,37.1,0.4,7.9,0.2,5.4,0.2,5.1
153,Devon Dotson,CHI,11,5,6,7.7,2.5,0.6,0.8,77.8,0.2,0.4,50.0,1.5,57.1,1.5,57.1,0.2,7.1,0.1,3.6,0.2,7.1
154,Devontae Cacok,SAS,15,5,10,8.1,0.6,0.3,0.5,62.5,0.0,0.0,0.0,0.7,122.2,0.1,11.1,0.1,11.1,0.0,0.0,0.0,0.0
155,Devonte' Graham,NOP,75,33,42,28.4,5.1,0.6,1.4,41.2,0.5,0.6,86.0,1.7,34.0,2.8,55.7,0.7,13.7,0.4,7.7,0.3,5.5
156,Dewayne Dedmon,MIA,67,43,24,15.9,0.2,0.1,0.1,62.5,0.1,0.1,100.0,0.2,100.0,0.0,14.3,0.0,0.0,0.0,14.3,0.0,14.3
157,Didi Louzada,POR,9,0,9,14.4,2.1,0.0,0.4,0.0,0.0,0.0,0.0,0.0,0.0,1.4,68.4,0.1,5.3,0.2,10.5,0.0,0.0
158,Dillon Brooks,MEM,31,21,10,27.8,8.8,2.6,6.1,43.1,1.1,1.2,86.8,6.5,73.0,1.6,17.9,0.5,5.1,0.4,4.4,0.6,6.9
159,Domantas Sabonis,SAC,62,21,41,34.4,3.5,0.7,1.1,57.7,0.3,0.5,64.3,1.7,49.1,1.5,42.6,0.2,6.5,0.4,11.1,0.2,6.9
160,Donovan Mitchell,UTA,67,41,26,33.8,15.2,4.1,7.6,53.9,1.7,2.0,86.0,10.3,67.5,4.9,32.3,1.2,7.6,1.0,6.4,1.1,7.0
161,Donte DiVincenzo,SAC,42,21,21,23.9,4.6,0.4,1.2,30.0,0.4,0.4,83.3,1.1,23.7,2.6,56.7,0.7,15.5,0.4,8.2,0.2,4.6
162,Dorian Finney-Smith,DAL,80,51,29,33.0,3.2,0.5,1.1,48.8,0.2,0.3,68.0,1.3,38.8,1.7,52.3,0.5,15.1,0.3,8.1,0.2,4.7
163,Doug McDermott,SAS,51,21,30,24.0,3.4,0.9,2.1,43.1,0.2,0.3,85.7,2.1,61.7,1.0,28.0,0.2,6.9,0.2,5.1,0.1,4.0
164,Draymond Green,GSW,46,34,12,28.9,2.8,0.7,1.2,62.3,0.4,0.5,75.0,1.9,67.7,1.2,41.7,0.4,15.0,0.2,5.5,0.3,9.4
165,Drew Eubanks,POR,71,19,52,17.5,0.5,0.1,0.2,38.5,0.1,0.1,87.5,0.2,47.2,0.2,41.7,0.0,2.8,0.1,11.1,0.1,11.1
166,Duane Washington Jr.,IND,48,12,36,20.2,4.8,1.1,2.7,43.0,0.4,0.5,80.8,2.8,58.1,1.4,29.3,0.4,8.7,0.3,6.6,0.3,5.7
167,Duncan Robinson,MIA,79,52,27,25.9,1.8,0.3,0.5,51.2,0.1,0.1,100.0,0.7,35.9,1.1,59.3,0.3,14.5,0.1,6.2,0.1,2.8
168,Dwight Howard,LAL,60,21,39,16.2,0.1,0.0,0.1,66.7,0.0,0.0,100.0,0.1,120.0,0.0,0.0,0.0,0.0,0.0,20.0,0.0,20.0
169,Dwight Powell,DAL,82,52,30,21.9,0.5,0.1,0.3,45.8,0.0,0.0,100.0,0.4,67.4,0.2,34.9,0.0,9.3,0.0,0.0,0.0,4.7
170,Dylan Windler,CLE,50,28,22,9.2,0.9,0.1,0.2,50.0,0.1,0.1,100.0,0.3,33.3,0.5,60.0,0.2,20.0,0.1,11.1,0.0,4.4
171,Ed Davis,CLE,31,15,16,6.5,0.0,0.0,0.0,0.0,0.0,0.0,0.0,0.0,0.0,0.0,0.0,0.0,0.0,0.0,0.0,0.0,0.0
172,Elfrid Payton,PHX,49,38,11,10.9,4.6,0.8,2.2,37.7,0.1,0.4,33.3,1.8,38.8,1.8,38.8,0.4,8.8,0.4,7.9,0.2,4.0
173,Elijah Hughes,POR,36,15,21,12.1,1.8,0.4,0.8,48.1,0.1,0.1,100.0,0.8,44.6,0.8,44.6,0.2,9.2,0.2,10.8,0.0,1.5
174,Emanuel Terry,PHX,3,2,1,6.1,0.3,0.0,0.0,0.0,0.0,0.0,0.0,0.0,0.0,0.3,100.0,0.3,100.0,0.0,0.0,0.0,0.0
175,Emmanuel Mudiay,SAC,2,0,2,5.5,2.5,0.0,0.5,0.0,0.5,1.0,50.0,0.5,20.0,1.5,60.0,1.0,40.0,0.0,0.0,0.5,20.0
176,Enes Freedom,BOS,34,20,14,11.8,0.1,0.0,0.1,50.0,0.0,0.0,0.0,0.1,100.0,0.0,0.0,0.0,0.0,0.0,0.0,0.0,0.0
177,Eric Bledsoe,POR,53,27,26,25.0,9.4,1.7,3.2,51.5,0.7,0.9,75.5,4.2,44.7,4.4,46.9,1.0,10.6,0.7,7.4,0.5,4.8
178,Eric Gordon,HOU,57,19,38,29.3,7.7,2.3,4.0,57.8,0.9,1.3,73.0,5.8,75.7,2.2,28.6,0.5,6.1,0.6,8.0,0.6,8.4
179,Eric Paschall,UTA,58,36,22,12.7,2.4,0.7,1.1,61.5,0.5,0.6,85.7,2.0,83.6,0.7,30.0,0.1,4.3,0.2,10.0,0.3,12.1
180,Eugene Omoruyi,DAL,4,1,3,4.5,0.5,0.0,0.3,0.0,0.0,0.0,0.0,0.0,0.0,0.3,50.0,0.0,0.0,0.0,0.0,0.0,0.0
181,Evan Fournier,NYK,79,35,44,29.3,5.0,1.1,2.2,46.9,0.4,0.5,80.6,2.6,51.5,2.0,40.1,0.5,9.9,0.4,7.1,0.2,4.6
182,Evan Mobley,CLE,69,40,29,33.8,3.5,0.7,1.9,38.9,0.4,0.6,72.5,1.9,55.8,0.9,25.4,0.2,5.0,0.3,7.5,0.3,8.3
183,Facundo Campazzo,DEN,65,38,27,18.2,3.8,0.3,0.8,34.0,0.3,0.3,85.0,0.8,21.6,2.5,64.8,0.6,16.8,0.3,6.8,0.2,4.0
184,Feron Hunt,NYK,2,2,0,4.2,0.0,0.0,0.0,0.0,0.0,0.0,0.0,0.0,0.0,0.0,0.0,0.0,0.0,0.0,0.0,0.0,0.0
185,Frank Jackson,DET,53,9,44,22.0,3.5,0.9,2.1,44.5,0.4,0.5,76.0,2.2,64.3,0.8,24.3,0.2,4.3,0.2,6.5,0.2,6.5
186,Frank Kaminsky,PHX,9,8,1,20.1,1.3,0.6,1.0,55.6,0.0,0.0,0.0,1.1,83.3,0.2,16.7,0.1,8.3,0.1,8.3,0.0,0.0
187,Frank Ntilikina,DAL,58,34,24,11.8,2.1,0.4,0.9,44.2,0.1,0.1,100.0,0.9,43.9,1.0,48.0,0.3,13.8,0.1,4.1,0.1,3.3
188,Franz Wagner,ORL,79,21,58,30.7,9.1,2.5,5.5,46.0,1.2,1.4,90.7,6.4,70.6,2.2,24.1,0.6,6.7,0.4,4.6,0.7,7.5
189,Fred VanVleet,TOR,65,39,26,37.9,13.0,1.4,3.6,40.2,0.9,1.0,95.2,3.9,29.7,7.5,57.7,1.8,14.0,1.0,7.9,0.5,3.8
190,Freddie Gillespie,ORL,9,1,8,13.2,0.3,0.1,0.1,100.0,0.0,0.0,0.0,0.2,66.7,0.2,66.7,0.0,0.0,0.0,0.0,0.0,0.0
191,Furkan Korkmaz,PHI,67,44,23,21.1,3.7,0.8,1.7,47.8,0.4,0.5,76.5,2.0,55.1,1.5,40.1,0.4,9.7,0.1,4.0,0.3,6.9
192,Gabe Vincent,MIA,68,47,21,23.4,5.0,0.7,1.5,49.5,0.3,0.3,81.0,1.7,34.1,2.9,56.6,0.6,12.8,0.3,6.7,0.1,2.9
193,Gabe York,IND,2,0,2,10.7,1.0,0.5,0.5,100.0,0.0,0.0,0.0,1.5,150.0,0.5,50.0,0.5,50.0,0.0,0.0,0.0,0.0
194,Gabriel Deck,OKC,7,2,5,7.9,1.0,0.3,0.3,100.0,0.0,0.0,0.0,0.6,57.1,0.6,57.1,0.3,28.6,0.1,14.3,0.0,0.0
195,Gabriel Lundberg,PHX,4,1,3,11.1,2.8,0.0,0.5,0.0,0.0,0.0,0.0,0.0,0.0,2.0,72.7,1.0,36.4,0.0,0.0,0.0,0.0
196,Garrett Temple,NOP,58,22,36,18.6,1.8,0.2,0.6,34.3,0.1,0.2,58.3,0.6,31.1,0.9,50.5,0.2,12.6,0.1,7.8,0.1,5.8
197,Garrison Mathews,HOU,65,19,46,26.3,1.2,0.1,0.4,39.1,0.2,0.3,77.8,0.5,42.9,0.6,48.1,0.2,15.6,0.1,7.8,0.1,11.7
198,Gary Clark,NOP,37,19,18,9.8,0.5,0.1,0.2,33.3,0.0,0.1,50.0,0.2,36.8,0.2,47.4,0.1,21.1,0.0,0.0,0.0,5.3
199,Gary Harris,ORL,61,16,45,28.4,3.7,0.9,1.7,49.5,0.1,0.1,77.8,1.8,50.0,1.4,39.3,0.4,10.7,0.3,8.9,0.1,1.8
200,Gary Payton II,GSW,70,47,23,17.6,0.4,0.1,0.1,55.6,0.0,0.1,50.0,0.2,40.0,0.2,53.3,0.0,6.7,0.0,6.7,0.0,6.7
201,Gary Trent Jr.,TOR,70,44,26,35.0,4.5,1.3,3.0,42.6,0.5,0.6,87.5,3.0,67.0,1.1,23.6,0.3,6.0,0.2,3.8,0.3,6.0
202,George Hill,MIL,54,36,18,23.2,3.4,0.6,1.4,40.8,0.2,0.3,92.9,1.4,42.0,1.5,44.8,0.4,12.7,0.3,7.7,0.1,3.9
203,George King,DAL,4,2,2,4.8,0.3,0.0,0.3,0.0,0.0,0.0,0.0,0.0,0.0,0.0,0.0,0.0,0.0,0.0,0.0,0.0,0.0
204,Georges Niang,PHI,76,48,28,22.8,3.0,0.7,1.4,49.5,0.3,0.3,92.0,1.7,56.8,1.2,39.7,0.2,7.9,0.2,7.4,0.2,5.7
205,Georgios Kalaitzakis,OKC,13,8,5,16.4,2.3,0.4,0.9,41.7,0.1,0.2,50.0,0.9,40.0,0.6,26.7,0.1,3.3,0.6,26.7,0.1,3.3
206,Giannis Antetokounmpo,MIL,67,45,22,32.9,11.7,2.7,4.5,60.8,2.4,3.4,69.9,8.1,69.3,3.9,33.8,1.1,9.6,0.9,7.7,1.7,14.5
207,Goga Bitadze,IND,50,17,33,14.6,0.3,0.1,0.1,71.4,0.0,0.0,100.0,0.2,70.6,0.1,35.3,0.0,5.9,0.0,11.8,0.0,5.9
208,Goran Dragic,BKN,21,10,11,23.7,6.6,1.2,2.5,49.1,0.5,0.7,78.6,3.0,45.7,3.3,50.0,0.5,7.2,0.3,5.1,0.3,5.1
209,Gordon Hayward,CHA,48,26,22,31.9,8.3,1.3,3.2,39.5,0.9,1.1,86.3,3.5,42.0,3.6,43.8,0.9,10.3,0.5,6.5,0.5,6.3
210,Gorgui Dieng,ATL,44,23,21,8.4,0.5,0.0,0.2,22.2,0.0,0.0,0.0,0.1,25.0,0.2,50.0,0.0,5.0,0.0,5.0,0.0,0.0
211,Grant Williams,BOS,76,49,27,24.5,1.6,0.3,0.6,45.5,0.3,0.3,88.0,0.9,53.7,0.7,43.0,0.1,9.1,0.1,8.3,0.2,9.9
212,Grayson Allen,MIL,66,43,23,27.3,4.4,0.8,1.7,46.0,0.3,0.4,80.8,1.9,43.6,2.1,48.1,0.4,8.3,0.3,5.9,0.2,4.5
213,Greg Brown III,POR,48,14,34,13.3,1.3,0.1,0.5,22.7,0.3,0.4,71.4,0.5,38.7,0.4,32.3,0.1,11.3,0.1,11.3,0.2,16.1
214,Greg Monroe,MIN,14,7,7,13.9,0.4,0.1,0.1,50.0,0.0,0.1,0.0,0.1,33.3,0.1,16.7,0.1,16.7,0.0,0.0,0.1,16.7
215,Hamidou Diallo,DET,57,14,43,21.8,5.0,1.5,3.1,49.4,0.5,0.8,62.5,3.6,72.1,1.1,20.9,0.2,3.5,0.3,5.9,0.4,8.0
216,Harrison Barnes,SAC,76,26,50,33.6,8.1,1.5,3.2,48.3,1.9,2.3,83.3,5.2,64.8,2.9,36.4,0.8,9.5,0.6,7.3,1.2,14.4
217,Hassan Whiteside,UTA,65,40,25,17.9,0.2,0.1,0.1,75.0,0.0,0.0,100.0,0.2,107.7,0.0,15.4,0.0,7.7,0.0,15.4,0.0,7.7
218,Hassani Gravett,ORL,8,2,6,21.4,3.0,0.6,1.0,62.5,0.0,0.0,0.0,1.3,41.7,1.6,54.2,0.1,4.2,0.3,8.3,0.0,0.0
219,Haywood Highsmith,MIA,19,13,6,8.6,0.4,0.2,0.2,75.0,0.0,0.0,0.0,0.3,75.0,0.2,37.5,0.1,12.5,0.1,12.5,0.0,0.0
220,Herbert Jones,NOP,77,35,42,29.8,3.8,0.8,1.8,46.0,0.5,0.6,87.5,2.3,59.6,1.3,34.2,0.2,6.5,0.3,8.9,0.3,8.2
221,Ignas Brazdeikis,ORL,42,9,33,12.8,3.5,0.6,1.4,47.4,0.3,0.4,68.8,1.5,43.9,1.7,49.3,0.4,12.2,0.1,2.7,0.2,5.4
222,Immanuel Quickley,NYK,77,34,43,23.1,7.4,1.3,2.9,45.9,0.8,0.9,88.4,3.6,48.0,3.5,47.1,1.0,12.9,0.4,5.9,0.4,5.8
223,Isaac Bonga,TOR,15,9,6,4.6,0.2,0.0,0.1,0.0,0.1,0.1,50.0,0.1,33.3,0.1,33.3,0.0,0.0,0.0,0.0,0.1,33.3
224,Isaac Okoro,CLE,67,34,33,29.6,3.3,0.6,1.4,41.7,0.4,0.5,74.3,1.6,47.3,1.3,39.6,0.4,11.3,0.2,6.3,0.3,7.7
225,Isaiah Hartenstein,LAC,68,37,31,17.9,1.1,0.2,0.5,43.2,0.2,0.3,59.1,0.7,58.4,0.3,28.6,0.1,6.5,0.0,3.9,0.2,14.3
226,Isaiah Jackson,IND,36,9,27,15.0,0.4,0.1,0.3,33.3,0.1,0.1,100.0,0.2,61.5,0.1,15.4,0.0,0.0,0.0,7.7,0.0,7.7
227,Isaiah Joe,PHI,55,35,20,11.1,0.9,0.1,0.2,38.5,0.0,0.0,0.0,0.2,23.1,0.5,57.7,0.1,5.8,0.1,9.6,0.0,0.0
228,Isaiah Livers,DET,19,8,11,20.2,1.7,0.3,0.5,66.7,0.3,0.3,83.3,0.9,56.3,0.8,50.0,0.1,6.3,0.2,9.4,0.2,9.4
229,Isaiah Roby,OKC,45,10,35,21.1,2.4,0.5,1.1,44.0,0.3,0.6,50.0,1.3,55.7,0.7,29.2,0.2,6.6,0.2,6.6,0.3,12.3
230,Isaiah Stewart,DET,70,21,49,25.6,0.3,0.1,0.2,46.2,0.0,0.1,75.0,0.2,65.2,0.1,26.1,0.0,0.0,0.0,8.7,0.0,8.7
231,Isaiah Thomas,CHA,22,12,10,15.2,5.0,1.1,2.5,42.9,0.4,0.5,90.0,2.6,51.4,1.8,35.1,0.3,5.4,0.3,5.4,0.2,4.5
232,Isaiah Todd,WAS,12,1,11,6.2,0.6,0.1,0.3,33.3,0.0,0.2,0.0,0.2,28.6,0.0,0.0,0.0,0.0,0.2,28.6,0.1,14.3
233,Ish Smith,WAS,64,27,37,17.4,8.4,1.2,2.7,44.5,0.1,0.2,66.7,2.5,30.4,5.0,60.1,1.3,15.9,0.4,4.7,0.1,1.1
234,Ish Wainright,PHX,44,35,9,7.9,0.6,0.2,0.3,69.2,0.0,0.0,0.0,0.4,64.3,0.3,46.4,0.0,7.1,0.0,0.0,0.0,3.6
235,Ivica Zubac,LAC,76,40,36,24.4,0.2,0.1,0.1,63.6,0.0,0.1,75.0,0.2,100.0,0.0,17.6,0.0,0.0,0.0,5.9,0.0,11.8
236,JT Thor,CHA,33,18,15,7.9,0.7,0.1,0.2,50.0,0.2,0.3,72.7,0.5,66.7,0.2,25.0,0.0,0.0,0.1,12.5,0.2,20.8
237,Ja Morant,MEM,56,35,21,33.3,20.9,5.7,11.3,51.0,2.9,3.8,77.8,14.8,70.8,5.9,28.5,1.6,7.6,1.4,6.7,1.9,9.1
238,JaMychal Green,DEN,67,36,31,16.2,0.3,0.0,0.1,33.3,0.0,0.0,100.0,0.1,35.3,0.1,47.1,0.0,11.8,0.0,11.8,0.0,5.9
239,JaQuori McLaughlin,DAL,4,2,2,2.7,0.3,0.0,0.0,0.0,0.0,0.0,0.0,0.0,0.0,0.3,100.0,0.3,100.0,0.0,0.0,0.0,0.0
240,JaVale McGee,PHX,74,57,17,15.8,0.7,0.2,0.5,42.1,0.1,0.1,83.3,0.5,69.1,0.1,7.3,0.0,0.0,0.1,12.7,0.0,5.5
241,Jabari Parker,BOS,12,4,8,9.4,1.0,0.0,0.3,0.0,0.2,0.2,100.0,0.2,16.7,0.3,25.0,0.0,0.0,0.3,25.0,0.1,8.3
242,Jaden McDaniels,MIN,70,40,30,25.8,2.9,0.8,1.5,53.8,0.2,0.2,91.7,1.9,65.0,1.0,35.4,0.3,9.2,0.2,8.3,0.1,2.9
243,Jaden Springer,PHI,2,2,0,2.8,0.5,0.0,0.0,0.0,0.0,0.0,0.0,0.0,0.0,0.5,100.0,0.0,0.0,0.0,0.0,0.0,0.0
244,Jae Crowder,PHX,67,54,13,28.1,1.4,0.5,0.8,57.4,0.2,0.2,75.0,1.1,80.2,0.4,28.1,0.1,5.2,0.1,5.2,0.1,8.3
245,Jae'Sean Tate,HOU,78,19,59,26.4,5.2,1.3,2.5,50.8,0.4,0.5,68.3,2.9,56.3,1.9,36.4,0.3,5.4,0.4,6.9,0.3,5.2
246,Jahmi'us Ramsey,SAC,19,2,17,7.0,2.0,0.4,1.1,33.3,0.3,0.4,62.5,1.0,50.0,0.5,26.3,0.1,5.3,0.1,2.6,0.2,10.5
247,Jaime Echenique,WAS,1,1,0,3.1,0.0,0.0,0.0,0.0,0.0,0.0,0.0,0.0,0.0,0.0,0.0,0.0,0.0,0.0,0.0,0.0,0.0
248,Jake Layman,MIN,34,20,14,6.8,0.6,0.1,0.3,27.3,0.1,0.1,75.0,0.3,45.5,0.2,36.4,0.1,18.2,0.0,4.5,0.1,9.1
249,Jakob Poeltl,SAS,68,30,38,29.0,1.0,0.3,0.5,58.1,0.0,0.1,30.0,0.6,60.0,0.3,35.4,0.1,13.8,0.1,7.7,0.1,7.7
250,Jalen Brunson,DAL,79,50,29,31.9,13.6,3.6,6.4,56.7,0.9,1.1,90.4,8.4,61.6,5.7,41.7,1.2,8.9,0.6,4.5,0.5,3.9
251,Jalen Green,HOU,67,12,55,31.9,8.8,1.8,3.8,46.8,1.4,1.8,79.2,5.1,58.3,3.0,33.7,0.6,6.3,0.8,9.5,0.9,10.0
252,Jalen Johnson,ATL,22,14,8,5.5,0.9,0.2,0.5,50.0,0.1,0.1,100.0,0.5,63.2,0.3,36.8,0.0,0.0,0.0,5.3,0.0,5.3
253,Jalen McDaniels,CHA,54,34,20,16.3,3.1,0.5,1.1,47.5,0.5,0.7,76.3,1.6,52.7,1.2,37.7,0.3,9.6,0.3,9.6,0.4,11.4
254,Jalen Smith,IND,50,28,22,17.8,0.8,0.2,0.5,43.5,0.1,0.2,87.5,0.5,69.2,0.1,17.9,0.1,7.7,0.1,12.8,0.1,10.3
255,Jalen Suggs,ORL,48,16,32,27.2,9.0,1.4,3.7,38.4,1.1,1.5,74.3,4.0,45.1,3.3,36.3,0.8,8.6,1.1,11.9,0.7,8.1
256,James Bouknight,CHA,30,15,15,10.0,2.7,0.5,1.5,31.8,0.4,0.5,85.7,1.3,49.4,0.9,32.1,0.2,7.4,0.1,2.5,0.2,8.6
257,James Ennis III,DEN,7,3,4,7.9,1.3,0.4,0.9,50.0,0.0,0.0,0.0,0.9,66.7,0.3,22.2,0.1,11.1,0.1,11.1,0.0,0.0
258,James Harden,PHI,65,40,25,37.2,16.0,2.8,5.9,46.9,3.2,3.7,86.7,9.1,57.1,6.6,41.3,1.9,12.1,1.1,7.0,1.9,11.8
259,James Johnson,BKN,62,30,32,19.2,2.9,0.9,1.5,57.9,0.2,0.4,52.0,2.0,70.6,0.9,31.7,0.3,8.9,0.2,6.7,0.2,7.2
260,Jamorko Pickett,DET,13,4,9,13.6,0.4,0.0,0.2,0.0,0.0,0.0,0.0,0.0,0.0,0.2,40.0,0.0,0.0,0.0,0.0,0.0,0.0
261,Jared Butler,UTA,42,31,11,8.6,2.6,0.5,1.0,51.2,0.1,0.1,83.3,1.2,44.5,1.3,49.1,0.4,14.5,0.2,6.4,0.1,2.7
262,Jared Harper,NOP,5,2,3,8.6,3.2,1.0,1.6,62.5,0.0,0.0,0.0,2.2,68.8,1.2,37.5,0.0,0.0,0.0,0.0,0.0,0.0
263,Jaren Jackson Jr.,MEM,77,52,25,27.3,5.6,1.6,3.8,43.9,1.3,1.6,79.4,4.8,85.0,0.6,10.0,0.1,2.5,0.3,6.0,0.8,14.6
264,Jarred Vanderbilt,MIN,74,41,33,25.4,0.6,0.1,0.2,38.5,0.0,0.0,50.0,0.1,26.2,0.3,50.0,0.0,0.0,0.1,16.7,0.0,2.4
265,Jarrett Allen,CLE,56,35,21,32.3,1.1,0.5,0.6,76.5,0.1,0.1,62.5,1.1,100.0,0.3,27.4,0.0,3.2,0.1,4.8,0.1,6.5
266,Jarrett Culver,MEM,36,27,9,9.2,2.4,0.4,1.0,42.9,0.2,0.4,37.5,1.0,43.5,0.9,36.5,0.1,5.9,0.2,7.1,0.2,9.4
267,Jarron Cumberland,POR,3,0,3,4.1,0.0,0.0,0.0,0.0,0.0,0.0,0.0,0.0,0.0,0.0,0.0,0.0,0.0,0.0,0.0,0.0,0.0
268,Javin DeLaurier,MIL,1,1,0,2.8,0.0,0.0,0.0,0.0,0.0,0.0,0.0,0.0,0.0,0.0,0.0,0.0,0.0,0.0,0.0,0.0,0.0
269,Javonte Green,CHI,65,38,27,23.4,1.2,0.4,0.7,56.3,0.3,0.3,86.4,1.2,93.8,0.2,16.0,0.0,2.5,0.1,6.2,0.2,14.8
270,Javonte Smart,MIA,17,11,6,11.8,1.9,0.3,0.9,31.3,0.0,0.0,0.0,0.6,30.3,0.8,42.4,0.2,9.1,0.2,9.1,0.0,0.0
271,Jaxson Hayes,NOP,69,28,41,20.1,0.8,0.2,0.4,44.4,0.3,0.3,87.5,0.7,81.8,0.2,21.8,0.0,3.6,0.1,7.3,0.2,21.8
272,Jay Huff,LAL,4,0,4,5.1,0.3,0.0,0.3,0.0,0.0,0.0,0.0,0.0,0.0,0.0,0.0,0.0,0.0,0.0,0.0,0.0,0.0
273,Jay Scrubb,LAC,17,8,9,7.0,1.1,0.2,0.5,50.0,0.1,0.2,50.0,0.6,55.6,0.4,38.9,0.1,11.1,0.1,5.6,0.1,11.1
274,Jaylen Brown,BOS,65,43,22,33.6,11.1,2.5,4.8,51.3,1.3,1.8,75.7,6.4,58.0,4.4,39.6,1.0,9.5,0.6,5.8,0.9,8.1
275,Jaylen Hoard,OKC,7,2,5,34.2,6.9,1.3,3.3,39.1,0.4,0.9,50.0,3.3,47.9,2.6,37.5,0.6,8.3,0.3,4.2,0.4,6.3
276,Jaylen Morris,SAS,3,0,3,5.3,2.0,0.0,1.0,0.0,0.0,0.0,0.0,0.0,0.0,0.7,33.3,0.7,33.3,0.3,16.7,0.0,0.0
277,Jaylen Nowell,MIN,62,37,25,15.7,4.4,1.2,2.6,46.9,0.5,0.6,83.3,3.0,68.8,1.3,30.1,0.3,7.4,0.1,2.6,0.3,6.6
278,Jaysean Paige,DET,1,1,0,6.6,1.0,0.0,0.0,0.0,0.0,0.0,0.0,0.0,0.0,1.0,100.0,0.0,0.0,0.0,0.0,0.0,0.0
279,Jayson Tatum,BOS,75,49,26,35.9,11.4,2.6,5.4,48.8,2.1,2.3,91.2,7.5,66.4,3.7,32.1,0.9,7.9,0.8,7.0,1.1,9.8
280,Jeff Dowtin Jr.,ORL,9,4,5,12.0,2.4,0.1,0.7,16.7,0.0,0.0,0.0,0.2,9.1,1.6,63.6,0.3,13.6,0.2,9.1,0.0,0.0
281,Jeff Green,DEN,75,44,31,24.7,1.5,0.5,0.8,58.6,0.5,0.6,80.9,1.5,99.1,0.3,17.1,0.1,4.5,0.1,5.4,0.3,21.6
282,Jemerrio Jones,LAL,2,0,2,7.4,0.0,0.0,0.0,0.0,0.0,0.0,0.0,0.0,0.0,0.0,0.0,0.0,0.0,0.0,0.0,0.0,0.0
283,Jerami Grant,DET,47,11,36,31.9,8.3,1.7,3.6,49.1,1.4,1.6,85.5,5.0,60.6,2.8,33.2,0.5,6.4,0.6,7.2,0.8,10.0
284,Jeremiah Robinson-Earl,OKC,49,15,34,22.2,0.7,0.1,0.3,35.7,0.0,0.1,50.0,0.2,37.5,0.3,40.6,0.1,9.4,0.1,9.4,0.0,6.3
285,Jeremy Lamb,SAC,56,23,33,16.7,4.1,0.8,2.0,41.8,0.7,0.9,79.2,2.4,60.4,1.4,35.2,0.4,10.1,0.2,4.8,0.4,10.6
286,Jericho Sims,NYK,41,19,22,13.5,0.0,0.0,0.0,0.0,0.0,0.0,0.0,0.0,0.0,0.0,0.0,0.0,0.0,0.0,0.0,0.0,0.0
287,Jevon Carter,MIL,66,39,27,13.7,1.2,0.1,0.3,30.4,0.0,0.0,50.0,0.2,18.3,0.8,63.4,0.2,12.2,0.1,6.1,0.0,1.2
288,Jimmy Butler,MIA,57,38,19,33.9,13.4,2.4,4.9,49.5,2.6,3.1,84.7,7.6,56.9,6.0,44.6,1.4,10.5,0.7,5.0,1.5,11.5
289,Jock Landale,SAS,54,24,30,10.9,0.1,0.0,0.0,0.0,0.1,0.1,75.0,0.1,50.0,0.1,50.0,0.0,0.0,0.0,0.0,0.0,33.3
290,Joe Harris,BKN,14,10,4,30.2,4.0,0.6,1.6,34.8,0.2,0.3,75.0,1.4,33.9,1.5,37.5,0.2,5.4,0.5,12.5,0.1,3.6
291,Joe Ingles,POR,45,28,17,24.9,3.8,0.7,1.1,66.0,0.1,0.2,50.0,1.6,42.4,2.2,57.1,0.5,12.9,0.3,8.2,0.1,2.9
292,Joe Johnson,BOS,1,1,0,2.0,1.0,0.0,0.0,0.0,0.0,0.0,0.0,0.0,0.0,1.0,100.0,0.0,0.0,0.0,0.0,0.0,0.0
293,Joe Wieskamp,SAS,29,11,18,7.1,0.3,0.0,0.1,33.3,0.1,0.1,100.0,0.1,44.4,0.2,55.6,0.0,0.0,0.0,0.0,0.0,11.1
294,Joel Ayayi,WAS,7,1,6,2.9,0.6,0.0,0.4,0.0,0.0,0.0,0.0,0.0,0.0,0.1,25.0,0.1,25.0,0.0,0.0,0.0,0.0
295,Joel Embiid,PHI,68,45,23,33.8,5.3,1.6,2.6,60.0,1.6,2.0,77.0,4.9,93.8,0.9,17.9,0.2,4.2,0.5,8.7,1.0,19.6
296,John Collins,ATL,54,26,28,30.8,2.2,0.6,1.1,56.7,0.3,0.4,80.0,1.6,72.5,0.7,30.8,0.1,6.7,0.1,5.8,0.2,8.3
297,John Konchar,MEM,72,48,24,17.9,1.2,0.3,0.4,62.1,0.1,0.1,83.3,0.6,47.1,0.7,54.0,0.1,8.0,0.1,8.0,0.0,3.4
298,Jon Teske,MEM,2,2,0,2.3,0.0,0.0,0.0,0.0,0.0,0.0,0.0,0.0,0.0,0.0,0.0,0.0,0.0,0.0,0.0,0.0,0.0
299,Jonas Valanciunas,NOP,73,33,40,30.3,1.3,0.3,0.7,41.7,0.2,0.2,85.7,0.8,56.7,0.3,24.7,0.1,5.2,0.2,11.3,0.1,7.2
300,Jonathan Kuminga,GSW,69,44,25,16.9,3.0,0.9,1.5,58.4,0.6,0.9,64.5,2.3,77.4,0.8,27.4,0.1,3.4,0.2,7.2,0.4,14.9
301,Jordan Bell,CHI,1,1,0,2.0,0.0,0.0,0.0,0.0,0.0,0.0,0.0,0.0,0.0,0.0,0.0,0.0,0.0,0.0,0.0,0.0,0.0
302,Jordan Clarkson,UTA,79,47,32,27.1,10.1,2.8,5.2,53.3,0.7,0.8,84.4,6.5,64.1,3.4,34.0,0.8,8.4,0.8,7.6,0.4,4.0
303,Jordan Goodwin,WAS,2,1,1,3.0,1.0,0.0,0.5,0.0,0.0,0.0,0.0,0.0,0.0,0.5,50.0,0.0,0.0,0.0,0.0,0.0,0.0
304,Jordan McLaughlin,MIN,62,36,26,14.5,2.8,0.3,1.0,32.2,0.2,0.2,71.4,0.8,29.2,1.5,53.2,0.4,15.2,0.1,4.1,0.1,4.1
305,Jordan Nwora,MIL,62,34,28,19.1,2.8,0.7,1.6,45.4,0.3,0.3,85.0,1.7,60.0,0.8,29.1,0.2,7.4,0.2,6.3,0.2,5.7
306,Jordan Poole,GSW,75,49,26,30.0,8.2,1.9,3.5,54.9,1.2,1.3,93.7,5.2,64.2,3.2,39.1,0.8,10.0,0.6,7.0,0.6,7.8
307,Jordan Schakel,WAS,4,1,3,7.6,0.5,0.0,0.3,0.0,0.0,0.0,0.0,0.0,0.0,0.3,50.0,0.0,0.0,0.0,0.0,0.0,0.0
308,Jose Alvarado,NOP,53,24,29,15.5,5.3,1.2,2.2,55.3,0.3,0.6,56.7,2.7,51.4,2.5,47.1,0.7,13.2,0.2,4.6,0.3,5.4
309,Josh Christopher,HOU,74,18,56,18.0,4.6,1.0,2.1,46.5,0.4,0.6,70.5,2.4,52.5,1.6,35.0,0.4,8.0,0.4,8.6,0.3,6.5
310,Josh Giddey,OKC,54,17,37,31.5,11.9,2.0,4.6,44.1,0.4,0.6,80.0,4.5,38.1,5.9,49.7,1.2,10.5,0.8,6.7,0.3,2.3
311,Josh Green,DAL,67,44,23,15.5,2.3,0.4,0.8,43.6,0.1,0.1,60.0,0.8,36.1,1.2,51.0,0.3,14.2,0.2,9.0,0.1,3.2
312,Josh Hart,POR,53,19,34,33.1,6.7,1.7,2.9,57.8,0.7,0.9,76.1,4.2,62.5,2.8,42.3,0.8,11.8,0.4,5.9,0.5,6.7
313,Josh Jackson,SAC,50,12,38,16.3,2.4,0.4,1.0,41.2,0.1,0.2,58.3,1.0,41.8,0.9,37.7,0.2,8.2,0.2,9.8,0.1,4.9
314,Josh Okogie,MIN,49,23,26,10.5,1.1,0.2,0.4,42.1,0.2,0.2,66.7,0.5,50.0,0.4,38.5,0.1,7.7,0.1,9.6,0.1,11.5
315,Josh Richardson,SAS,64,38,26,24.7,4.8,0.9,2.2,41.4,0.3,0.4,84.0,2.2,45.0,2.0,40.5,0.3,6.5,0.4,7.4,0.2,3.6
316,Joshua Primo,SAS,50,22,28,19.3,3.9,0.5,1.3,34.8,0.3,0.4,81.0,1.3,32.5,2.0,50.3,0.3,7.1,0.2,6.1,0.2,5.1
317,Jrue Holiday,MIL,67,47,20,32.9,13.0,2.7,5.3,51.8,1.1,1.4,76.8,6.7,51.1,5.7,43.9,1.5,11.8,1.0,7.6,0.7,5.5
318,Juan Toscano-Anderson,GSW,73,51,22,13.6,2.1,0.3,0.7,51.0,0.1,0.3,50.0,0.8,40.4,1.0,48.3,0.3,13.2,0.2,8.6,0.1,6.6
319,Juancho Hernangomez,UTA,40,20,20,11.1,0.8,0.1,0.2,25.0,0.2,0.3,70.0,0.3,34.4,0.4,53.1,0.1,9.4,0.0,3.1,0.1,15.6
320,Julius Randle,NYK,71,31,40,35.3,9.0,1.7,3.5,47.8,1.0,1.4,73.2,4.6,50.5,3.8,41.9,0.8,8.9,0.8,8.6,0.7,7.6
321,Justin Anderson,IND,16,3,13,19.7,2.1,0.4,0.7,54.5,0.3,0.5,62.5,1.3,63.6,1.0,48.5,0.6,27.3,0.1,6.1,0.3,12.1
322,Justin Champagnie,TOR,36,21,15,7.8,0.2,0.1,0.1,50.0,0.0,0.0,0.0,0.1,50.0,0.1,25.0,0.0,0.0,0.1,25.0,0.0,0.0
323,Justin Holiday,SAC,74,25,49,27.8,1.9,0.1,0.4,40.7,0.1,0.1,75.0,0.4,19.9,1.1,60.3,0.3,16.3,0.2,12.8,0.1,2.8
324,Justin Jackson,PHX,6,5,1,5.1,0.7,0.0,0.3,0.0,0.0,0.0,0.0,0.0,0.0,0.2,25.0,0.0,0.0,0.2,25.0,0.0,0.0
325,Justin Robinson,DET,24,13,11,12.3,1.8,0.1,0.5,23.1,0.0,0.1,0.0,0.3,13.6,1.0,56.8,0.3,15.9,0.1,6.8,0.0,2.3
326,Justise Winslow,POR,47,24,23,16.2,2.4,0.4,0.9,42.9,0.1,0.2,62.5,0.9,36.3,1.1,46.9,0.3,10.6,0.2,8.8,0.1,3.5
327,Jusuf Nurkic,POR,56,25,31,28.2,0.8,0.2,0.4,54.2,0.2,0.3,61.1,0.7,80.4,0.1,10.9,0.0,2.2,0.1,15.2,0.2,19.6
328,Juwan Morgan,BOS,2,1,1,15.5,0.0,0.0,0.0,0.0,0.0,0.0,0.0,0.0,0.0,0.0,0.0,0.0,0.0,0.0,0.0,0.0,0.0
329,KZ Okpala,MIA,21,14,7,11.6,1.4,0.1,0.4,33.3,0.1,0.1,100.0,0.4,27.6,0.9,65.5,0.1,6.9,0.0,0.0,0.0,3.4
330,Kai Jones,CHA,20,14,6,3.0,0.4,0.0,0.1,0.0,0.1,0.1,100.0,0.1,28.6,0.1,14.3,0.1,14.3,0.2,42.9,0.1,14.3
331,Karl-Anthony Towns,MIN,74,44,30,33.5,7.9,2.3,4.0,58.3,1.6,2.0,80.7,6.6,82.8,1.9,24.6,0.3,4.1,0.7,8.9,1.0,12.3
332,Keifer Sykes,IND,32,6,26,17.7,3.4,0.3,1.2,28.2,0.1,0.1,100.0,0.8,24.1,1.6,46.3,0.3,7.4,0.5,15.7,0.1,1.9
333,Keita Bates-Diop,SAS,59,23,36,16.2,1.3,0.2,0.7,31.0,0.1,0.1,87.5,0.6,43.0,0.3,22.8,0.1,5.1,0.2,16.5,0.1,5.1
334,Kelan Martin,BOS,30,14,16,15.0,2.4,0.6,1.4,43.9,0.1,0.1,100.0,1.3,55.6,0.9,36.1,0.1,5.6,0.1,4.2,0.1,2.8
335,Keldon Johnson,SAS,75,33,42,31.9,8.0,2.0,4.6,44.1,0.9,1.3,74.7,5.2,64.7,2.1,26.2,0.5,6.6,0.5,6.1,0.6,7.8
336,Keljin Blevins,POR,31,4,27,11.3,1.1,0.2,0.5,35.7,0.1,0.1,75.0,0.4,37.1,0.5,42.9,0.0,2.9,0.1,11.4,0.1,5.7
337,Kelly Olynyk,DET,40,13,27,19.1,2.6,0.3,0.8,43.3,0.2,0.4,64.3,0.9,35.9,1.3,49.5,0.3,12.6,0.2,7.8,0.2,6.8
338,Kelly Oubre Jr.,CHA,75,39,36,26.5,3.6,1.1,2.2,47.9,0.6,0.8,70.0,2.7,75.3,0.7,19.6,0.1,4.1,0.2,6.6,0.4,11.1
339,Kemba Walker,NYK,37,16,21,25.6,7.4,1.4,2.9,46.7,0.7,0.8,86.7,3.5,47.6,3.4,46.5,0.9,12.1,0.5,6.6,0.4,5.5
340,Kenrich Williams,OKC,49,17,32,21.9,4.1,0.6,1.3,50.0,0.2,0.4,66.7,1.5,36.5,2.2,53.2,0.5,12.3,0.3,7.4,0.2,4.4
341,Kent Bazemore,LAL,39,16,23,14.0,1.0,0.1,0.4,33.3,0.0,0.0,0.0,0.3,26.3,0.4,42.1,0.2,18.4,0.1,13.2,0.0,0.0
342,Kentavious Caldwell-Pope,WAS,77,34,43,30.2,3.5,0.6,1.6,40.8,0.5,0.6,85.4,1.9,52.9,1.2,34.6,0.3,8.8,0.3,9.2,0.3,9.2
343,Kenyon Martin Jr.,HOU,79,20,59,21.0,2.4,0.6,1.2,48.9,0.2,0.3,62.5,1.4,57.4,0.9,36.8,0.2,8.9,0.2,6.3,0.1,5.8
344,Keon Johnson,POR,36,8,28,19.3,5.1,0.9,2.4,40.0,0.5,0.5,94.4,2.4,46.4,1.8,35.0,0.5,9.3,0.4,8.7,0.3,4.9
345,Kessler Edwards,BKN,48,22,26,20.6,0.8,0.1,0.4,41.2,0.1,0.2,87.5,0.5,59.5,0.2,27.0,0.0,2.7,0.1,13.5,0.1,10.8
346,Kevin Durant,BKN,55,36,19,37.2,9.8,2.8,5.2,54.4,1.4,1.5,92.7,7.1,72.6,3.0,30.5,0.7,7.6,0.6,5.8,0.7,7.6
347,Kevin Huerter,ATL,74,40,34,29.6,4.2,1.1,2.4,46.6,0.2,0.2,93.8,2.4,58.0,1.3,30.1,0.3,7.7,0.4,8.3,0.1,2.6
348,Kevin Knox II,ATL,30,18,12,7.4,0.7,0.1,0.3,30.0,0.1,0.2,66.7,0.3,45.5,0.2,31.8,0.0,4.5,0.0,4.5,0.1,13.6
349,Kevin Love,CLE,74,38,36,22.5,0.8,0.2,0.4,46.9,0.1,0.1,100.0,0.5,56.5,0.2,24.2,0.0,1.6,0.1,12.9,0.0,3.2
350,Kevin Pangos,CLE,24,16,8,6.9,2.1,0.3,0.8,44.4,0.0,0.0,0.0,0.7,31.4,1.2,54.9,0.3,11.8,0.0,2.0,0.0,0.0
351,Kevin Porter Jr.,HOU,61,16,45,31.3,9.4,1.6,3.5,45.8,0.8,1.1,68.6,4.1,43.7,4.0,42.7,1.1,11.8,1.0,10.1,0.6,6.1
352,Kevon Looney,GSW,81,53,28,21.1,0.7,0.1,0.4,35.3,0.1,0.1,75.0,0.4,52.6,0.2,29.8,0.0,7.0,0.0,1.8,0.0,7.0
353,Khem Birch,TOR,55,34,21,18.0,0.4,0.1,0.1,66.7,0.1,0.2,60.0,0.3,66.7,0.1,33.3,0.0,9.5,0.0,9.5,0.1,23.8
354,Khris Middleton,MIL,66,44,22,32.4,8.0,1.6,3.2,50.0,0.7,0.8,84.6,3.9,49.0,3.5,44.1,0.8,10.6,0.6,7.8,0.4,4.9
355,Killian Hayes,DET,65,21,44,24.9,6.4,1.0,2.5,42.2,0.4,0.4,92.3,2.5,39.0,3.3,51.3,0.7,10.7,0.4,5.8,0.2,3.1
356,Killian Tillie,MEM,35,26,9,12.6,1.1,0.2,0.6,35.0,0.0,0.0,0.0,0.4,35.0,0.4,37.5,0.1,5.0,0.1,7.5,0.0,0.0
357,Kira Lewis Jr.,NOP,24,6,18,14.2,4.5,1.2,2.3,51.9,0.2,0.3,83.3,2.5,56.5,1.8,38.9,0.5,12.0,0.3,5.6,0.1,2.8
358,Klay Thompson,GSW,32,17,15,29.4,5.8,1.2,2.7,44.8,0.6,0.6,100.0,3.0,52.4,2.4,41.1,0.8,13.0,0.3,4.9,0.3,4.9
359,Kris Dunn,POR,14,1,13,24.0,9.0,1.4,3.1,46.5,0.6,0.7,90.0,3.8,42.1,4.1,46.0,1.1,12.7,1.1,11.9,0.4,4.0
360,Kristaps Porzingis,WAS,51,26,25,29.0,2.7,0.8,1.5,50.0,0.5,0.6,90.0,2.1,78.3,0.7,26.1,0.1,4.3,0.2,5.8,0.3,10.9
361,Kyle Anderson,MEM,69,46,23,21.5,3.8,1.0,2.2,43.4,0.2,0.3,68.2,2.2,58.3,1.1,29.7,0.2,6.6,0.2,5.8,0.2,4.2
362,Kyle Guy,MIA,19,15,4,9.8,2.3,0.3,0.9,33.3,0.1,0.1,50.0,0.7,31.8,0.9,38.6,0.4,15.9,0.4,18.2,0.1,2.3
363,Kyle Kuzma,WAS,66,29,37,33.4,8.2,2.0,4.0,49.8,1.1,1.5,75.0,5.1,62.8,2.7,33.1,0.9,10.7,0.6,7.6,0.7,9.1
364,Kyle Lowry,MIA,63,41,22,33.9,7.2,1.2,2.1,54.9,0.7,0.8,85.4,3.0,42.0,4.0,56.2,1.0,14.2,0.4,5.8,0.4,5.3
365,Kyrie Irving,BKN,29,14,15,37.6,11.9,3.9,7.3,52.6,1.2,1.2,94.4,9.2,77.7,2.9,24.3,0.7,5.8,0.6,5.2,0.6,5.2
366,LaMarcus Aldridge,BKN,47,26,21,22.3,0.3,0.1,0.2,63.6,0.0,0.0,0.0,0.3,93.8,0.1,18.8,0.0,6.3,0.0,0.0,0.0,0.0
367,LaMelo Ball,CHA,74,39,35,32.3,13.8,2.7,6.0,44.4,1.0,1.1,89.3,6.5,47.0,5.8,42.2,1.6,11.7,0.9,6.7,0.6,4.1
368,Lamar Stevens,CLE,63,35,28,16.1,2.4,0.7,1.5,49.5,0.2,0.3,77.8,1.7,71.1,0.6,24.3,0.1,4.6,0.2,7.2,0.1,5.9
369,Lance Stephenson,IND,46,11,35,17.7,5.3,1.4,2.5,58.4,0.9,1.2,79.6,3.9,72.8,1.7,30.9,0.6,10.6,0.5,9.3,0.6,11.0
370,Landry Shamet,PHX,69,53,16,20.8,2.6,0.4,1.0,37.5,0.1,0.2,71.4,1.0,36.7,1.2,46.1,0.3,10.0,0.2,7.2,0.1,3.9
371,Langston Galloway,MIL,7,4,3,15.2,1.1,0.1,0.3,50.0,0.0,0.0,0.0,0.3,25.0,0.7,62.5,0.4,37.5,0.1,12.5,0.0,0.0
372,Larry Nance Jr.,NOP,46,19,27,22.6,0.7,0.1,0.4,33.3,0.1,0.2,62.5,0.4,56.3,0.2,21.9,0.0,3.1,0.1,9.4,0.1,12.5
373,Lauri Markkanen,CLE,61,32,29,30.8,2.3,0.6,1.2,46.6,0.3,0.3,85.7,1.5,63.4,0.7,29.6,0.1,3.5,0.1,6.3,0.2,7.7
374,LeBron James,LAL,56,25,31,37.2,8.7,2.1,3.8,55.6,1.2,1.6,73.9,5.7,66.2,3.1,35.7,0.8,9.1,0.6,7.0,0.8,9.5
375,Leandro Bolmaro,MIN,35,19,16,6.9,1.4,0.1,0.4,38.5,0.1,0.1,50.0,0.3,24.0,0.9,62.0,0.1,10.0,0.1,8.0,0.1,4.0
376,Lindell Wigginton,MIL,19,11,8,10.5,2.4,0.4,0.8,43.8,0.3,0.6,54.5,1.1,45.7,1.0,41.3,0.4,15.2,0.3,10.9,0.3,13.0
377,Lindy Waters III,OKC,25,6,19,18.6,1.0,0.1,0.3,25.0,0.0,0.1,50.0,0.2,20.0,0.5,52.0,0.1,8.0,0.1,12.0,0.0,4.0
378,Lonnie Walker IV,SAS,70,27,43,23.0,5.8,1.2,2.3,52.5,0.9,1.2,80.2,3.4,58.4,2.5,42.9,0.7,12.1,0.4,6.4,0.6,10.1
379,Lonzo Ball,CHI,35,22,13,34.6,4.1,0.5,1.3,35.6,0.2,0.3,66.7,1.1,26.8,2.0,48.6,0.4,9.9,0.5,12.0,0.1,3.5
380,Lou Williams,ATL,56,33,23,14.3,4.9,0.8,2.1,37.3,0.6,0.7,81.6,2.2,44.6,2.0,40.6,0.5,9.8,0.3,6.9,0.3,6.9
381,Louis King,SAC,10,2,8,10.4,1.4,0.3,0.9,33.3,0.0,0.0,0.0,0.6,42.9,0.4,28.6,0.1,7.1,0.0,0.0,0.0,0.0
382,Luguentz Dort,OKC,51,17,34,32.7,10.5,1.7,3.8,44.3,1.6,1.8,86.0,5.0,47.2,4.7,44.2,0.9,8.2,0.8,8.0,0.9,8.7
383,Luka Doncic,DAL,65,44,21,35.4,22.2,4.5,8.2,55.5,3.0,4.0,76.7,12.5,56.5,9.6,43.2,2.9,13.1,1.6,7.3,2.0,8.9
384,Luka Garza,DET,31,3,28,12.0,0.4,0.1,0.2,57.1,0.1,0.1,75.0,0.4,92.3,0.1,30.8,0.0,0.0,0.0,0.0,0.1,15.4
385,Luke Kennard,LAC,70,35,35,27.4,2.6,0.6,1.2,47.6,0.1,0.1,62.5,1.3,47.8,1.1,43.5,0.4,15.8,0.1,4.9,0.1,2.2
386,Luke Kornet,BOS,15,11,4,6.9,0.0,0.0,0.0,0.0,0.0,0.0,0.0,0.0,0.0,0.0,0.0,0.0,0.0,0.0,0.0,0.0,0.0
387,MJ Walker,PHX,2,1,1,4.2,1.5,0.0,0.5,0.0,0.0,0.0,0.0,0.0,0.0,1.0,66.7,0.5,33.3,0.0,0.0,0.0,0.0
388,Mac McClung,LAL,2,2,0,12.2,3.0,0.0,0.0,0.0,0.0,0.0,0.0,0.0,0.0,2.0,66.7,0.5,16.7,1.0,33.3,0.0,0.0
389,Malachi Flynn,TOR,44,25,19,12.2,2.9,0.5,1.1,51.1,0.1,0.2,60.0,1.3,43.3,1.6,54.3,0.3,9.4,0.1,2.4,0.1,3.9
390,Malcolm Brogdon,IND,36,14,22,33.5,18.3,3.7,6.8,54.1,1.9,2.2,84.8,9.5,51.7,8.9,48.9,2.4,12.9,0.8,4.2,1.1,5.9
391,Malcolm Hill,CHI,19,8,11,11.2,0.3,0.1,0.1,100.0,0.0,0.0,0.0,0.2,60.0,0.2,60.0,0.0,0.0,0.1,20.0,0.0,0.0
392,Malik Beasley,MIN,79,46,33,25.0,2.0,0.4,1.0,36.7,0.1,0.1,90.0,0.9,42.9,0.8,41.0,0.2,11.2,0.1,5.6,0.1,3.1
393,Malik Fitts,BOS,15,13,2,4.2,0.7,0.1,0.3,20.0,0.0,0.0,0.0,0.1,20.0,0.3,40.0,0.1,20.0,0.1,10.0,0.0,0.0
394,Malik Monk,LAL,76,32,44,28.1,7.0,1.1,2.2,50.0,0.3,0.3,80.8,2.6,36.5,4.0,56.6,1.0,13.9,0.5,7.1,0.2,2.4
395,Malik Newman,CLE,1,0,1,7.7,4.0,2.0,2.0,100.0,2.0,2.0,100.0,6.0,150.0,1.0,25.0,0.0,0.0,0.0,0.0,1.0,25.0
396,Mamadi Diakite,OKC,13,4,9,14.4,0.1,0.0,0.1,0.0,0.0,0.0,0.0,0.0,0.0,0.0,0.0,0.0,0.0,0.0,0.0,0.0,0.0
397,Marcus Garrett,MIA,12,11,1,10.7,1.2,0.1,0.8,11.1,0.0,0.0,0.0,0.2,14.3,0.4,35.7,0.1,7.1,0.0,0.0,0.0,0.0
398,Marcus Morris Sr.,LAC,53,26,27,28.8,3.7,1.2,2.2,53.8,0.4,0.5,84.6,2.9,78.2,0.9,24.4,0.2,6.6,0.3,7.6,0.2,6.6
399,Marcus Smart,BOS,70,47,23,32.4,8.7,1.6,3.2,48.2,0.9,1.1,81.3,4.1,47.4,4.0,45.7,1.2,13.7,0.5,6.3,0.6,6.6
400,Markelle Fultz,ORL,18,6,12,20.0,10.5,2.3,4.7,49.4,0.4,0.5,77.8,5.2,49.7,4.3,40.7,1.2,11.1,0.9,9.0,0.2,2.1
401,Markieff Morris,MIA,17,10,7,17.6,0.8,0.2,0.5,44.4,0.1,0.1,50.0,0.5,64.3,0.2,21.4,0.1,7.1,0.1,7.1,0.1,7.1
402,Marko Simonovic,CHI,9,4,5,3.9,0.2,0.0,0.0,0.0,0.4,0.4,100.0,0.4,200.0,0.0,0.0,0.0,0.0,0.0,0.0,0.2,100.0
403,Markus Howard,DEN,31,17,14,5.7,0.9,0.2,0.5,29.4,0.1,0.1,75.0,0.4,46.4,0.3,28.6,0.1,10.7,0.0,0.0,0.1,7.1
404,Marquese Chriss,DAL,34,24,10,10.2,0.4,0.1,0.2,50.0,0.1,0.2,50.0,0.3,73.3,0.1,20.0,0.0,6.7,0.0,0.0,0.1,20.0
405,Marvin Bagley III,DET,48,17,31,23.9,2.4,0.8,1.6,46.8,0.2,0.4,55.6,1.8,74.1,0.4,18.1,0.0,0.9,0.1,5.2,0.2,7.8
406,Mason Jones,LAL,4,2,2,12.6,2.3,0.8,1.0,75.0,0.8,1.0,75.0,2.5,111.1,0.8,33.3,0.3,11.1,0.0,0.0,0.5,22.2
407,Mason Plumlee,CHA,72,40,32,24.6,1.4,0.3,0.5,59.5,0.1,0.2,56.3,0.8,54.0,0.6,44.0,0.2,12.0,0.1,8.0,0.1,8.0
408,Matisse Thybulle,PHI,66,43,23,25.5,0.8,0.1,0.3,35.3,0.0,0.0,50.0,0.2,24.1,0.4,48.1,0.1,7.4,0.1,16.7,0.0,1.9
409,Matt Mooney,NYK,1,1,0,1.9,0.0,0.0,0.0,0.0,0.0,0.0,0.0,0.0,0.0,0.0,0.0,0.0,0.0,0.0,0.0,0.0,0.0
410,Matt Ryan,BOS,1,1,0,5.3,1.0,0.0,0.0,0.0,0.0,0.0,0.0,0.0,0.0,1.0,100.0,0.0,0.0,0.0,0.0,0.0,0.0
411,Matt Thomas,CHI,40,23,17,11.5,0.4,0.0,0.1,0.0,0.0,0.0,0.0,0.0,0.0,0.3,58.8,0.0,5.9,0.1,11.8,0.0,0.0
412,Maurice Harkless,SAC,46,14,32,18.3,1.1,0.3,0.5,60.0,0.2,0.2,90.0,0.9,78.8,0.4,36.5,0.1,5.8,0.0,3.8,0.1,9.6
413,Max Strus,MIA,68,46,22,23.3,1.6,0.3,0.7,37.5,0.0,0.0,50.0,0.6,34.2,0.7,44.1,0.3,15.3,0.1,8.1,0.0,0.9
414,Maxi Kleber,DAL,59,36,23,24.6,1.2,0.1,0.3,31.3,0.2,0.2,83.3,0.4,29.2,0.7,55.6,0.1,11.1,0.1,11.1,0.1,8.3
415,McKinley Wright IV,MIN,5,3,2,3.8,0.8,0.2,0.2,100.0,0.0,0.0,0.0,0.4,50.0,0.4,50.0,0.0,0.0,0.2,25.0,0.0,0.0
416,Melvin Frazier Jr.,OKC,3,0,3,39.9,11.0,3.0,6.3,47.4,1.3,1.3,100.0,7.3,66.7,3.0,27.3,0.3,3.0,0.7,6.1,0.7,6.1
417,Micah Potter,DET,3,2,1,10.3,0.0,0.0,0.0,0.0,0.0,0.0,0.0,0.0,0.0,0.0,0.0,0.0,0.0,0.0,0.0,0.0,0.0
418,Michael Porter Jr.,DEN,9,5,4,29.5,2.4,0.4,1.3,33.3,0.0,0.0,0.0,1.0,40.9,0.9,36.4,0.2,9.1,0.2,9.1,0.0,0.0
419,Mikal Bridges,PHX,81,63,18,34.8,4.4,1.3,2.2,59.9,0.5,0.6,89.1,3.3,75.6,1.5,34.2,0.4,8.7,0.2,5.0,0.3,6.4
420,Mike Conley,UTA,72,44,28,28.6,12.1,2.1,4.5,45.8,0.9,1.2,78.6,5.2,42.8,6.0,49.7,1.6,13.2,0.6,5.3,0.6,4.8
421,Mike Muscala,OKC,43,15,28,13.8,0.1,0.0,0.1,40.0,0.0,0.0,50.0,0.1,83.3,0.0,0.0,0.0,0.0,0.0,0.0,0.0,16.7
422,Miles Bridges,CHA,79,41,38,35.4,10.9,2.8,5.2,53.0,1.7,2.1,81.0,7.4,68.4,3.7,34.1,0.7,6.3,0.6,5.9,1.0,9.5
423,Miles McBride,NYK,40,19,21,9.3,1.0,0.2,0.5,33.3,0.0,0.0,0.0,0.3,31.6,0.5,52.6,0.2,21.1,0.0,0.0,0.0,0.0
424,Mitchell Robinson,NYK,71,31,40,25.7,0.0,0.0,0.0,100.0,0.0,0.0,50.0,0.0,150.0,0.0,0.0,0.0,0.0,0.0,0.0,0.0,50.0
425,Miye Oni,UTA,16,15,1,2.8,0.1,0.0,0.0,0.0,0.0,0.0,0.0,0.0,0.0,0.1,100.0,0.1,100.0,0.0,0.0,0.0,0.0
426,Mo Bamba,ORL,71,19,52,25.7,0.5,0.1,0.3,27.3,0.1,0.1,66.7,0.2,43.6,0.1,20.5,0.0,5.1,0.1,10.3,0.0,7.7
427,Monte Morris,DEN,75,44,31,29.9,4.1,1.2,2.1,54.4,0.2,0.2,87.5,2.5,61.6,1.6,38.7,0.4,10.3,0.2,5.8,0.1,2.6
428,Montrezl Harrell,CHA,71,36,35,23.1,0.7,0.2,0.5,42.4,0.2,0.3,66.7,0.6,84.0,0.1,8.0,0.0,2.0,0.0,6.0,0.1,20.0
429,Moritz Wagner,ORL,63,16,47,15.2,1.8,0.5,0.9,61.1,0.5,0.6,80.6,1.6,89.2,0.4,25.2,0.1,6.3,0.1,8.1,0.3,16.2
430,Moses Brown,CLE,40,19,21,8.6,0.1,0.0,0.1,50.0,0.0,0.0,0.0,0.1,100.0,0.0,0.0,0.0,0.0,0.0,0.0,0.0,0.0
431,Moses Moody,GSW,51,35,16,11.5,1.4,0.4,0.6,58.1,0.1,0.2,62.5,0.8,60.9,0.5,37.7,0.1,7.2,0.1,10.1,0.1,5.8
432,Moses Wright,DAL,4,4,0,3.7,0.0,0.0,0.0,0.0,0.0,0.0,0.0,0.0,0.0,0.0,0.0,0.0,0.0,0.0,0.0,0.0,0.0
433,Mychal Mulder,MIA,17,3,14,14.1,0.9,0.2,0.6,30.0,0.1,0.1,100.0,0.5,53.3,0.1,13.3,0.0,0.0,0.1,13.3,0.1,6.7
434,Myles Powell,PHI,11,8,3,4.7,1.5,0.3,0.7,37.5,0.0,0.0,0.0,0.5,35.3,0.7,47.1,0.1,5.9,0.1,5.9,0.0,0.0
435,Myles Turner,IND,42,15,27,29.4,1.8,0.6,1.2,52.9,0.4,0.5,72.7,1.7,97.3,0.2,10.7,0.0,1.3,0.1,4.0,0.3,14.7
436,Naji Marshall,NOP,55,23,32,13.4,2.6,0.6,1.3,50.0,0.5,0.6,87.5,1.8,69.4,0.7,27.8,0.3,11.1,0.3,11.8,0.3,11.1
437,Nassir Little,POR,42,19,23,25.9,3.3,0.8,1.4,55.2,0.7,0.9,75.7,2.2,67.1,1.2,35.7,0.3,8.6,0.3,8.6,0.4,12.9
438,Nate Hinton,IND,2,0,2,1.2,0.5,0.0,0.5,0.0,0.0,0.0,0.0,0.0,0.0,0.0,0.0,0.0,0.0,0.0,0.0,0.0,0.0
439,Nathan Knight,MIN,37,22,15,7.2,1.0,0.2,0.5,47.4,0.4,0.4,81.3,0.8,83.8,0.2,21.6,0.0,2.7,0.0,2.7,0.2,21.6
440,Naz Reid,MIN,77,42,35,15.8,1.3,0.4,0.7,58.5,0.2,0.2,75.0,1.0,74.5,0.3,25.5,0.1,4.9,0.2,11.8,0.1,7.8
441,Neemias Queta,SAC,15,4,11,8.0,0.4,0.1,0.2,66.7,0.1,0.1,50.0,0.3,83.3,0.0,0.0,0.0,0.0,0.1,16.7,0.1,16.7
442,Nemanja Bjelica,GSW,70,48,22,16.0,2.4,0.3,0.8,37.7,0.3,0.3,95.5,0.9,36.7,1.1,45.6,0.2,7.7,0.3,12.4,0.2,6.5
443,Nerlens Noel,NYK,25,10,15,22.5,0.2,0.0,0.0,0.0,0.0,0.0,0.0,0.0,0.0,0.1,50.0,0.0,25.0,0.0,25.0,0.0,0.0
444,Nic Claxton,BKN,47,24,23,20.7,0.6,0.2,0.4,52.9,0.1,0.2,62.5,0.5,79.3,0.1,13.8,0.0,0.0,0.1,13.8,0.1,13.8
445,Nick Richards,CHA,49,25,24,7.1,0.1,0.0,0.0,0.0,0.0,0.0,0.0,0.0,0.0,0.0,33.3,0.0,0.0,0.0,33.3,0.0,0.0
446,Nickeil Alexander-Walker,UTA,64,28,36,22.6,7.3,1.4,3.2,44.7,0.7,0.9,74.1,3.6,49.4,2.9,39.7,0.8,10.3,0.4,5.8,0.5,6.2
447,Nicolas Batum,LAC,58,31,27,24.9,0.6,0.2,0.3,62.5,0.0,0.0,0.0,0.3,54.1,0.3,51.4,0.1,10.8,0.0,5.4,0.0,0.0
448,Nik Stauskas,BOS,8,7,1,4.8,0.5,0.0,0.0,0.0,0.5,0.8,66.7,0.5,100.0,0.1,25.0,0.0,0.0,0.0,0.0,0.4,75.0
449,Nikola Jokic,DEN,74,46,28,33.5,4.2,1.3,1.8,68.4,0.6,0.8,80.0,3.3,78.6,1.4,33.1,0.3,7.5,0.2,5.8,0.4,9.7
450,Nikola Vucevic,CHI,73,41,32,33.1,2.3,0.5,1.0,48.6,0.1,0.1,70.0,1.1,45.0,1.0,43.9,0.2,8.2,0.2,8.8,0.1,2.9
451,Norman Powell,LAC,45,15,30,32.4,8.0,1.9,4.0,47.8,1.4,1.7,84.0,5.5,68.4,2.4,29.4,0.5,5.8,0.6,7.2,0.8,10.5
452,Norvel Pelle,UTA,3,0,3,6.3,0.0,0.0,0.0,0.0,0.0,0.0,0.0,0.0,0.0,0.0,0.0,0.0,0.0,0.0,0.0,0.0,0.0
453,O.G. Anunoby,TOR,48,31,17,36.0,7.1,0.9,2.5,35.2,0.4,0.6,74.1,2.3,31.7,3.2,45.5,0.7,10.0,0.6,8.5,0.3,4.1
454,Obi Toppin,NYK,71,31,40,17.2,1.7,0.5,1.0,50.0,0.2,0.3,70.8,1.4,78.2,0.5,25.8,0.1,5.6,0.0,2.4,0.2,9.7
455,Olivier Sarr,OKC,22,6,16,19.1,0.1,0.0,0.0,0.0,0.0,0.0,0.0,0.0,0.0,0.1,100.0,0.0,0.0,0.0,0.0,0.0,0.0
456,Omer Yurtseven,MIA,56,39,17,12.6,0.1,0.0,0.1,50.0,0.0,0.0,100.0,0.1,85.7,0.0,14.3,0.0,0.0,0.0,0.0,0.0,14.3
457,Onyeka Okongwu,ATL,48,26,22,20.7,0.2,0.1,0.2,66.7,0.0,0.0,0.0,0.3,133.3,0.0,0.0,0.0,0.0,0.0,0.0,0.0,0.0
458,Oshae Brissett,IND,67,19,48,23.3,3.3,0.6,1.6,38.3,0.7,1.0,69.7,2.0,61.9,0.8,25.7,0.3,8.7,0.2,7.3,0.5,15.1
459,Otto Porter Jr.,GSW,62,41,21,22.1,0.9,0.2,0.5,35.7,0.2,0.3,81.3,0.5,58.9,0.2,26.8,0.0,5.4,0.1,7.1,0.1,14.3
460,P.J. Dozier,DEN,18,9,9,18.9,2.5,0.3,0.7,38.5,0.4,0.6,80.0,1.0,40.0,1.2,48.9,0.4,17.8,0.2,6.7,0.3,11.1
461,P.J. Tucker,MIA,71,45,26,27.9,1.1,0.3,0.5,54.1,0.1,0.1,80.0,0.7,59.3,0.5,43.2,0.1,8.6,0.1,4.9,0.1,6.2
462,P.J. Washington,CHA,65,33,32,27.2,2.6,0.5,0.9,54.2,0.3,0.4,73.9,1.2,48.2,1.1,42.9,0.3,12.5,0.3,11.3,0.2,7.1
463,Paris Bass,PHX,1,1,0,5.5,0.0,0.0,0.0,0.0,0.0,0.0,0.0,0.0,0.0,0.0,0.0,0.0,0.0,0.0,0.0,0.0,0.0
464,Pascal Siakam,TOR,68,40,28,37.9,14.3,3.3,6.3,52.8,1.8,2.4,73.9,8.7,60.8,5.3,37.1,1.2,8.1,1.0,7.1,1.2,8.2
465,Pat Connaughton,MIL,65,41,24,26.0,1.9,0.4,0.7,63.0,0.0,0.1,75.0,1.0,50.4,1.0,50.4,0.2,11.4,0.2,8.9,0.0,1.6
466,Patrick Beverley,MIN,58,33,25,25.4,5.7,1.1,2.2,48.8,0.7,0.9,78.2,2.9,51.2,2.7,47.6,0.7,11.9,0.2,4.3,0.5,8.5
467,Patrick Williams,CHI,17,9,8,24.8,2.9,1.0,1.4,70.8,0.7,0.9,75.0,2.8,98.0,0.8,26.5,0.1,4.1,0.1,4.1,0.5,16.3
468,Patty Mills,BKN,81,44,37,29.0,2.6,0.3,0.7,38.3,0.1,0.1,100.0,0.7,27.1,1.6,60.5,0.4,15.2,0.1,4.8,0.0,1.9
469,Paul George,LAC,31,18,13,34.8,13.4,2.4,5.2,46.6,1.8,2.0,90.3,6.8,50.7,5.4,40.1,1.5,10.8,1.1,8.4,1.0,7.5
470,Paul Millsap,PHI,33,22,11,11.4,1.4,0.2,0.6,30.0,0.2,0.3,70.0,0.6,42.2,0.4,31.1,0.1,6.7,0.2,11.1,0.2,11.1
471,Paul Reed,PHI,38,21,17,8.0,0.8,0.2,0.5,33.3,0.0,0.0,0.0,0.3,41.4,0.2,24.1,0.1,6.9,0.1,6.9,0.0,0.0
472,Paul Watson,OKC,9,2,7,17.4,1.9,0.6,0.7,83.3,0.0,0.0,0.0,1.1,58.8,0.9,47.1,0.1,5.9,0.3,17.6,0.0,0.0
473,Payton Pritchard,BOS,71,46,25,14.1,2.4,0.3,0.7,37.7,0.1,0.1,100.0,0.6,26.0,1.5,60.7,0.4,15.6,0.2,6.9,0.0,1.2
474,Petr Cornelie,DEN,13,3,10,2.9,0.1,0.0,0.0,0.0,0.0,0.0,0.0,0.0,0.0,0.1,100.0,0.0,0.0,0.0,0.0,0.0,0.0
475,Precious Achiuwa,TOR,73,46,27,23.6,2.7,0.6,1.6,38.7,0.3,0.5,69.4,1.6,61.9,0.4,16.5,0.1,4.1,0.3,10.3,0.2,9.3
476,Quentin Grimes,NYK,45,20,25,17.3,0.9,0.1,0.2,40.0,0.0,0.0,100.0,0.2,23.8,0.5,54.8,0.1,11.9,0.1,11.9,0.0,2.4
477,Quinndary Weatherspoon,GSW,11,8,3,6.7,0.9,0.3,0.5,60.0,0.2,0.2,100.0,0.7,80.0,0.4,40.0,0.1,10.0,0.0,0.0,0.1,10.0
478,R.J. Hampton,ORL,64,15,49,21.9,6.7,0.9,2.7,33.3,0.4,0.8,54.9,2.3,34.7,3.1,45.6,0.5,7.9,0.4,5.3,0.4,5.6
479,RJ Barrett,NYK,69,32,37,34.5,12.8,2.8,6.6,41.7,1.7,2.5,69.8,7.5,58.2,3.9,30.1,1.1,8.8,0.7,5.8,1.3,9.8
480,RJ Nembhard Jr.,CLE,14,6,8,4.5,2.1,0.2,0.8,27.3,0.1,0.1,50.0,0.5,24.1,1.0,48.3,0.1,6.9,0.1,6.9,0.1,3.4
481,Rajon Rondo,CLE,39,16,23,17.9,5.1,0.8,1.8,42.9,0.1,0.2,62.5,1.7,33.2,2.5,48.2,0.5,10.1,0.5,10.6,0.1,2.0
482,Raul Neto,WAS,70,29,41,19.6,7.2,1.7,3.4,49.2,0.6,0.7,76.9,4.1,56.2,2.8,39.4,0.7,10.1,0.4,5.7,0.4,5.1
483,Rayjon Tucker,MIL,5,2,3,14.2,1.0,0.2,0.2,100.0,0.4,0.4,100.0,0.8,80.0,0.6,60.0,0.2,20.0,0.0,0.0,0.2,20.0
484,Reggie Bullock,DAL,68,44,24,28.0,0.8,0.2,0.4,39.3,0.1,0.1,83.3,0.4,53.8,0.2,30.8,0.1,11.5,0.1,9.6,0.0,5.8
485,Reggie Jackson,LAC,74,38,36,31.2,10.9,2.4,5.2,45.6,0.9,1.1,84.6,5.7,52.5,4.0,36.9,1.1,10.3,0.7,6.3,0.5,5.0
486,Reggie Perry,POR,10,0,10,18.7,1.4,0.3,1.1,27.3,0.0,0.0,0.0,0.6,42.9,0.0,0.0,0.0,0.0,0.2,14.3,0.0,0.0
487,Richaun Holmes,SAC,44,15,29,23.7,0.5,0.3,0.4,76.5,0.0,0.0,50.0,0.6,112.5,0.1,16.7,0.0,8.3,0.0,4.2,0.0,4.2
488,Ricky Rubio,IND,34,20,14,28.5,12.6,1.8,4.4,39.7,0.8,0.8,92.9,4.4,34.5,6.5,51.5,1.7,13.5,0.9,7.5,0.4,3.3
489,Rob Edwards,OKC,2,0,2,5.4,0.0,0.0,0.0,0.0,0.0,0.0,0.0,0.0,0.0,0.0,0.0,0.0,0.0,0.0,0.0,0.0,0.0
490,Robert Covington,LAC,71,34,37,27.3,1.8,0.3,0.9,38.1,0.3,0.3,90.0,0.9,50.8,0.6,33.8,0.1,7.7,0.1,7.7,0.1,7.7
491,Robert Williams III,BOS,60,40,20,29.5,0.1,0.0,0.0,0.0,0.0,0.0,50.0,0.0,20.0,0.1,80.0,0.0,0.0,0.0,0.0,0.0,20.0
492,Robert Woodard II,SAS,12,0,12,3.5,0.4,0.0,0.3,0.0,0.0,0.0,0.0,0.0,0.0,0.2,40.0,0.0,0.0,0.0,0.0,0.0,0.0
493,Robin Lopez,ORL,36,9,27,17.0,0.9,0.2,0.5,47.1,0.1,0.2,50.0,0.6,67.7,0.1,12.9,0.1,6.5,0.1,12.9,0.1,12.9
494,Rodney Hood,LAC,52,30,22,13.6,1.1,0.2,0.5,44.0,0.1,0.1,100.0,0.5,47.3,0.5,47.3,0.1,10.9,0.0,1.8,0.0,3.6
495,Rodney McGruder,DET,50,13,37,14.7,1.4,0.3,0.5,54.2,0.1,0.2,60.0,0.6,46.4,0.6,40.6,0.1,7.2,0.1,10.1,0.1,7.2
496,Romeo Langford,SAS,48,24,24,16.1,2.0,0.5,1.1,45.1,0.2,0.3,62.5,1.2,61.1,0.6,28.4,0.1,5.3,0.1,5.3,0.2,8.4
497,Royce O'Neale,UTA,77,46,31,31.2,2.1,0.3,0.6,53.5,0.2,0.3,90.0,0.9,41.9,1.1,51.9,0.2,8.8,0.2,11.9,0.1,6.3
498,Rudy Gay,UTA,55,34,21,18.9,1.6,0.2,0.9,25.5,0.3,0.4,77.3,0.8,48.3,0.4,27.0,0.1,4.5,0.1,7.9,0.2,12.4
499,Rudy Gobert,UTA,66,42,24,32.1,0.3,0.1,0.1,44.4,0.0,0.1,50.0,0.2,57.9,0.0,10.5,0.0,5.3,0.1,21.1,0.0,15.8
500,Rui Hachimura,WAS,42,16,26,22.5,2.9,0.9,1.7,52.1,0.2,0.3,50.0,2.0,71.1,0.7,23.1,0.0,0.8,0.2,7.4,0.2,5.8
501,Russell Westbrook,LAL,78,31,47,34.3,16.9,2.9,6.0,48.6,1.7,2.4,67.9,7.7,45.3,7.9,46.9,1.9,11.3,1.2,7.4,1.2,7.1
502,Ryan Arcidiacono,NYK,10,8,2,7.6,1.3,0.2,0.2,100.0,0.0,0.0,0.0,0.4,30.8,1.0,76.9,0.1,7.7,0.1,7.7,0.0,0.0
503,Saben Lee,DET,36,8,28,16.3,6.8,0.5,1.4,36.7,0.7,0.9,76.5,1.8,26.3,4.2,61.7,1.0,15.2,0.5,7.4,0.5,7.0
504,Saddiq Bey,DET,81,23,58,33.0,5.6,1.1,2.6,43.0,1.1,1.3,83.8,3.4,60.6,2.0,35.7,0.5,9.0,0.3,6.1,0.7,11.6
505,Sam Dekker,TOR,1,1,0,0.9,0.0,0.0,0.0,0.0,0.0,0.0,0.0,0.0,0.0,0.0,0.0,0.0,0.0,0.0,0.0,0.0,0.0
506,Sam Hauser,BOS,26,20,6,6.1,0.2,0.0,0.0,0.0,0.0,0.0,0.0,0.0,0.0,0.2,100.0,0.0,25.0,0.0,0.0,0.0,0.0
507,Sam Merrill,MEM,6,2,4,9.6,1.3,0.0,0.0,0.0,0.0,0.0,0.0,0.0,0.0,1.2,87.5,0.3,25.0,0.0,0.0,0.0,0.0
508,Sandro Mamukelashvili,MIL,41,22,19,9.9,0.8,0.2,0.3,58.3,0.1,0.1,83.3,0.5,64.5,0.3,41.9,0.1,12.9,0.0,6.5,0.1,9.7
509,Santi Aldama,MEM,31,19,12,11.0,1.4,0.2,0.7,30.4,0.0,0.1,50.0,0.5,38.1,0.5,33.3,0.1,7.1,0.1,7.1,0.0,2.4
510,Scottie Barnes,TOR,74,43,31,35.4,4.7,1.2,2.7,45.5,0.4,0.6,63.6,2.9,62.0,1.2,26.1,0.2,4.1,0.4,7.5,0.3,6.4
511,Scottie Lewis,CHA,2,1,1,3.3,0.5,0.0,0.0,0.0,0.0,0.0,0.0,0.0,0.0,0.5,100.0,0.0,0.0,0.0,0.0,0.0,0.0
512,Scotty Hopson,OKC,1,0,1,17.7,2.0,0.0,1.0,0.0,0.0,0.0,0.0,0.0,0.0,0.0,0.0,0.0,0.0,1.0,50.0,0.0,0.0
513,Sekou Doumbouya,LAL,2,0,2,8.2,0.0,0.0,0.0,0.0,0.0,0.0,0.0,0.0,0.0,0.0,0.0,0.0,0.0,0.0,0.0,0.0,0.0
514,Semi Ojeleye,LAC,30,14,16,13.5,0.9,0.2,0.6,26.3,0.2,0.2,83.3,0.5,53.6,0.2,17.9,0.0,0.0,0.0,3.6,0.1,10.7
515,Serge Ibaka,MIL,53,30,23,16.2,0.6,0.2,0.2,69.2,0.0,0.0,0.0,0.3,52.9,0.2,38.2,0.1,11.8,0.1,14.7,0.0,0.0
516,Seth Curry,BKN,64,38,26,33.3,4.9,1.0,1.9,55.8,0.1,0.1,88.9,2.3,46.3,2.4,50.2,0.7,13.8,0.4,8.4,0.1,1.6
517,Shai Gilgeous-Alexander,OKC,56,16,40,34.7,23.9,5.1,10.3,49.1,3.4,4.3,80.1,13.9,58.3,9.6,40.2,1.8,7.5,1.1,4.4,2.2,9.0
518,Shake Milton,PHI,55,34,21,21.4,6.4,1.5,3.3,46.2,0.5,0.5,92.9,3.7,58.0,2.4,36.9,0.6,9.4,0.3,5.1,0.3,4.3
519,Shaq Buchanan,MEM,2,2,0,4.9,0.0,0.0,0.0,0.0,0.0,0.0,0.0,0.0,0.0,0.0,0.0,0.0,0.0,0.0,0.0,0.0,0.0
520,Shaquille Harrison,BKN,2,1,1,11.3,2.0,0.5,0.5,100.0,0.0,0.0,0.0,1.0,50.0,1.0,50.0,0.5,25.0,0.5,25.0,0.0,0.0
521,Sharife Cooper,ATL,13,8,5,3.0,1.0,0.1,0.5,16.7,0.0,0.0,0.0,0.2,15.4,0.5,46.2,0.0,0.0,0.1,7.7,0.0,0.0
522,Skylar Mays,ATL,28,17,11,7.9,1.5,0.4,0.7,60.0,0.1,0.1,75.0,1.0,66.7,0.5,35.7,0.1,7.1,0.1,7.1,0.1,4.8
523,Solomon Hill,ATL,13,7,6,10.7,0.5,0.0,0.2,0.0,0.0,0.0,0.0,0.0,0.0,0.3,66.7,0.0,0.0,0.0,0.0,0.0,0.0
524,Spencer Dinwiddie,DAL,67,38,29,29.6,10.4,2.3,4.6,49.5,1.7,2.1,79.9,6.5,63.1,4.0,38.5,1.0,9.9,0.5,4.6,1.0,9.9
525,Stanley Johnson,LAL,48,16,32,22.8,2.5,0.6,1.1,54.7,0.2,0.4,58.8,1.5,58.8,1.0,39.5,0.2,7.6,0.1,5.0,0.2,7.6
526,Stephen Curry,GSW,64,45,19,34.5,9.6,2.0,4.0,51.4,1.1,1.3,90.1,5.4,56.7,4.2,43.8,1.0,10.6,0.6,6.2,0.6,6.5
527,Sterling Brown,DAL,49,31,18,12.8,1.5,0.3,0.6,51.9,0.0,0.0,100.0,0.6,40.5,0.7,45.9,0.1,5.4,0.2,14.9,0.0,1.4
528,Steven Adams,MEM,75,50,25,26.4,0.6,0.1,0.3,47.8,0.1,0.2,41.7,0.4,65.1,0.1,23.3,0.0,7.0,0.0,7.0,0.1,14.0
529,Svi Mykhailiuk,TOR,56,29,27,12.8,1.9,0.3,0.6,42.4,0.1,0.1,87.5,0.6,32.7,1.0,53.3,0.2,8.4,0.2,10.3,0.1,3.7
530,T.J. McConnell,IND,27,9,18,24.2,11.4,2.0,4.0,50.5,0.4,0.4,100.0,4.5,39.3,6.8,59.4,1.6,13.6,0.2,1.9,0.2,1.9
531,Tacko Fall,CLE,11,4,7,5.3,0.1,0.0,0.0,0.0,0.0,0.0,0.0,0.0,0.0,0.0,0.0,0.0,0.0,0.0,0.0,0.0,0.0
532,Taj Gibson,NYK,51,23,28,18.1,0.1,0.0,0.0,0.0,0.0,0.0,100.0,0.0,40.0,0.1,60.0,0.0,0.0,0.0,0.0,0.0,20.0
533,Talen Horton-Tucker,LAL,60,23,37,25.2,7.1,1.6,3.4,47.1,0.9,1.0,88.1,4.1,58.0,2.5,35.4,0.6,8.3,0.4,6.1,0.5,7.1
534,Taurean Prince,MIN,69,40,29,17.1,1.8,0.5,0.9,59.3,0.3,0.4,92.3,1.4,78.2,0.6,33.9,0.2,11.3,0.1,5.6,0.2,10.5
535,Terance Mann,LAC,80,41,39,28.5,4.8,1.0,2.1,48.2,0.4,0.6,75.6,2.5,52.0,2.1,43.3,0.5,9.7,0.3,5.8,0.3,6.0
536,Terence Davis,SAC,29,10,19,17.9,3.9,1.0,2.0,47.5,0.3,0.3,100.0,2.4,61.1,1.4,35.4,0.3,8.8,0.2,6.2,0.2,4.4
537,Terrence Ross,ORL,63,14,49,23.0,3.9,1.1,2.1,51.9,0.7,0.7,91.3,3.0,78.0,1.0,25.3,0.3,7.3,0.3,7.3,0.4,9.4
538,Terry Rozier,CHA,72,38,34,33.7,10.1,2.1,4.2,49.2,0.5,0.6,88.4,4.8,47.9,4.9,48.3,1.0,10.2,0.5,4.6,0.3,2.9
539,Terry Taylor,IND,33,7,26,21.6,1.6,0.4,0.8,46.4,0.1,0.1,75.0,0.9,55.8,0.5,34.6,0.1,3.8,0.1,5.8,0.1,3.8
540,Thaddeus Young,TOR,52,27,25,16.3,1.0,0.4,0.6,59.4,0.1,0.2,37.5,0.8,80.8,0.2,23.1,0.0,3.8,0.1,5.8,0.1,7.7
541,Thanasis Antetokounmpo,MIL,48,26,22,9.9,1.0,0.2,0.4,47.6,0.2,0.2,80.0,0.6,63.0,0.3,34.8,0.0,4.3,0.1,6.5,0.1,10.9
542,Theo Maledon,OKC,51,14,37,17.8,6.1,1.0,2.3,42.0,0.8,1.1,78.2,2.9,47.4,2.6,43.3,0.5,8.0,0.4,7.1,0.5,9.0
543,Theo Pinson,DAL,19,14,5,7.8,0.5,0.1,0.3,40.0,0.2,0.2,100.0,0.4,88.9,0.1,11.1,0.0,0.0,0.1,11.1,0.1,22.2
544,Thomas Bryant,WAS,27,8,19,16.3,0.4,0.1,0.2,40.0,0.1,0.1,100.0,0.2,60.0,0.1,30.0,0.0,10.0,0.0,0.0,0.0,10.0
545,Tim Frazier,CLE,12,1,11,17.3,3.3,0.3,1.1,30.8,0.1,0.2,50.0,0.8,22.5,1.8,52.5,0.4,12.5,0.3,10.0,0.1,2.5
546,Tim Hardaway Jr.,DAL,42,24,18,29.6,2.6,0.6,1.4,42.1,0.5,0.7,78.6,1.7,67.0,0.8,29.4,0.2,8.3,0.1,3.7,0.3,12.8
547,Timothe Luwawu-Cabarrot,ATL,52,30,22,13.2,1.2,0.1,0.4,22.7,0.2,0.3,76.9,0.4,31.7,0.5,42.9,0.2,12.7,0.1,9.5,0.1,11.1
548,Tobias Harris,PHI,73,45,28,34.8,9.2,2.5,5.1,48.5,0.9,1.0,88.7,5.9,64.1,3.0,32.4,0.6,6.4,0.4,4.3,0.5,5.4
549,Tomas Satoransky,WAS,55,21,34,16.5,4.5,0.5,1.2,41.2,0.4,0.5,80.0,1.5,32.9,2.7,60.6,0.7,16.3,0.2,5.3,0.2,5.3
550,Tony Bradley,CHI,55,28,27,10.0,0.1,0.0,0.1,25.0,0.0,0.0,0.0,0.0,33.3,0.0,0.0,0.0,0.0,0.0,16.7,0.0,0.0
551,Tony Snell,NOP,53,19,34,15.5,0.8,0.1,0.3,33.3,0.0,0.0,0.0,0.2,24.4,0.5,53.3,0.2,17.8,0.1,8.9,0.0,0.0
552,Torrey Craig,PHX,78,36,42,20.5,1.5,0.3,0.6,46.9,0.1,0.2,75.0,0.7,47.5,0.6,37.5,0.1,7.5,0.2,13.3,0.1,5.0
553,Trae Young,ATL,76,40,36,34.9,17.3,4.0,8.1,49.8,1.6,1.8,89.1,10.0,58.0,6.7,39.0,2.1,12.1,1.1,6.6,0.9,5.2
554,Trayvon Palmer,DET,1,0,1,16.8,0.0,0.0,0.0,0.0,0.0,0.0,0.0,0.0,0.0,0.0,0.0,0.0,0.0,0.0,0.0,0.0,0.0
555,Tre Jones,SAS,69,32,37,16.6,5.3,1.3,2.5,52.6,0.5,0.7,70.0,3.2,60.4,2.1,40.4,0.4,7.7,0.2,3.8,0.4,6.8
556,Tre Mann,OKC,60,17,43,22.8,7.1,1.5,3.5,42.2,0.4,0.5,71.9,3.4,48.5,2.7,38.3,0.4,5.0,0.5,6.9,0.3,3.8
557,Tremont Waters,WAS,3,0,3,16.8,5.0,0.7,1.3,50.0,0.0,0.0,0.0,1.3,26.7,2.7,53.3,1.0,20.0,0.7,13.3,0.0,0.0
558,Trendon Watford,POR,48,16,32,18.1,2.3,0.6,1.0,57.1,0.4,0.5,79.2,1.6,68.5,0.8,33.3,0.1,3.6,0.1,6.3,0.3,10.8
559,Trent Forrest,UTA,60,36,24,12.8,5.0,0.9,1.7,53.9,0.4,0.5,77.4,2.3,45.3,2.5,49.7,0.6,11.3,0.4,8.0,0.3,5.0
560,Trevelin Queen,HOU,10,1,9,7.4,0.7,0.1,0.2,50.0,0.2,0.2,100.0,0.5,71.4,0.3,42.9,0.0,0.0,0.1,14.3,0.1,14.3
561,Trevon Scott,CLE,2,1,1,5.7,1.5,1.0,1.5,66.7,0.0,0.0,0.0,2.0,133.3,0.0,0.0,0.0,0.0,0.0,0.0,0.0,0.0
562,Trevor Ariza,LAL,24,8,16,19.3,1.2,0.1,0.4,22.2,0.0,0.0,0.0,0.2,14.3,0.6,53.6,0.1,7.1,0.1,7.1,0.0,0.0
563,Trey Burke,DAL,42,24,18,10.5,3.1,0.6,1.4,47.4,0.3,0.4,87.5,1.6,51.9,1.4,43.5,0.2,7.6,0.1,3.8,0.2,6.1
564,Trey Lyles,SAC,74,19,55,20.4,3.8,0.9,1.6,53.3,0.8,1.1,74.7,2.7,71.1,1.3,34.2,0.2,6.0,0.2,6.0,0.5,13.7
565,Trey Murphy III,NOP,62,31,31,13.9,1.1,0.1,0.5,21.4,0.1,0.2,80.0,0.3,31.8,0.5,42.4,0.1,9.1,0.1,6.1,0.1,7.6
566,Tristan Thompson,CHI,56,19,37,15.8,0.8,0.2,0.4,40.0,0.1,0.1,50.0,0.4,55.8,0.1,14.0,0.1,7.0,0.1,16.3,0.1,9.3
567,Troy Brown Jr.,CHI,66,37,29,16.0,1.3,0.2,0.6,31.6,0.1,0.2,70.0,0.5,35.3,0.5,40.0,0.1,10.6,0.1,8.2,0.1,4.7
568,Ty Jerome,OKC,48,15,33,16.7,5.8,1.1,2.3,48.6,0.4,0.5,87.5,2.7,47.1,2.6,45.3,0.7,12.6,0.3,5.0,0.3,4.3
569,Tyler Cook,CHI,20,13,7,10.0,0.3,0.0,0.2,0.0,0.0,0.0,0.0,0.0,0.0,0.1,20.0,0.0,0.0,0.1,20.0,0.0,0.0
570,Tyler Hall,NYK,1,1,0,1.9,0.0,0.0,0.0,0.0,0.0,0.0,0.0,0.0,0.0,0.0,0.0,0.0,0.0,0.0,0.0,0.0,0.0
571,Tyler Herro,MIA,66,44,22,32.6,11.8,2.5,5.5,45.5,1.1,1.3,86.9,6.3,53.3,4.7,39.5,1.2,10.0,0.7,6.3,0.6,5.4
572,Tyler Johnson,SAS,6,2,4,15.2,0.5,0.0,0.2,0.0,0.0,0.0,0.0,0.0,0.0,0.3,66.7,0.2,33.3,0.0,0.0,0.0,0.0
573,Tyrell Terry,MEM,2,2,0,1.5,0.0,0.0,0.0,0.0,0.0,0.0,0.0,0.0,0.0,0.0,0.0,0.0,0.0,0.0,0.0,0.0,0.0
574,Tyrese Haliburton,IND,76,25,51,35.0,12.1,1.8,4.0,45.7,1.1,1.3,84.2,4.9,40.4,6.5,53.6,1.9,16.0,0.8,6.4,0.6,5.2
575,Tyrese Maxey,PHI,75,45,30,35.3,8.9,2.9,5.8,50.0,1.1,1.2,84.9,7.1,80.3,2.0,22.5,0.6,6.8,0.4,4.4,0.6,7.1
576,Tyrone Wallace,NOP,6,4,2,12.5,1.7,0.2,0.7,25.0,0.0,0.3,0.0,0.3,20.0,0.8,50.0,0.2,10.0,0.0,0.0,0.2,10.0
577,Tyus Jones,MEM,72,50,22,21.2,5.3,1.5,3.2,46.1,0.3,0.4,88.5,3.3,62.9,1.6,29.5,0.5,9.5,0.2,4.5,0.2,3.4
578,Udoka Azubuike,UTA,17,11,6,11.5,0.0,0.0,0.0,0.0,0.0,0.0,0.0,0.0,0.0,0.0,0.0,0.0,0.0,0.0,0.0,0.0,0.0
579,Udonis Haslem,MIA,13,10,3,6.4,0.1,0.0,0.1,0.0,0.0,0.0,0.0,0.0,0.0,0.0,0.0,0.0,0.0,0.0,0.0,0.0,0.0
580,Usman Garuba,HOU,24,2,22,10.0,0.3,0.0,0.0,0.0,0.0,0.1,50.0,0.0,14.3,0.2,71.4,0.0,14.3,0.0,0.0,0.0,14.3
581,Vernon Carey Jr.,WAS,7,3,4,6.3,0.1,0.0,0.0,0.0,0.0,0.0,0.0,0.0,0.0,0.1,100.0,0.0,0.0,0.0,0.0,0.0,0.0
582,Victor Oladipo,MIA,8,4,4,21.6,6.8,1.3,2.1,58.8,0.6,0.8,83.3,3.3,48.1,3.5,51.9,1.3,18.5,0.6,9.3,0.4,5.6
583,Vit Krejci,OKC,30,8,22,23.0,4.2,0.5,0.9,50.0,0.3,0.3,90.0,1.3,31.2,2.6,62.4,0.4,8.8,0.5,11.2,0.2,4.0
584,Vlatko Cancar,DEN,15,7,8,11.8,1.1,0.1,0.3,25.0,0.2,0.3,75.0,0.3,29.4,0.5,47.1,0.1,5.9,0.1,5.9,0.1,11.8
585,Wayne Ellington,LAL,43,15,28,18.8,0.7,0.1,0.2,75.0,0.0,0.0,0.0,0.3,42.9,0.4,64.3,0.1,10.7,0.0,7.1,0.0,0.0
586,Wayne Selden,NYK,3,2,1,6.4,1.7,0.0,0.7,0.0,0.7,1.3,50.0,0.7,40.0,0.3,20.0,0.0,0.0,0.0,0.0,0.7,40.0
587,Wendell Carter Jr.,ORL,62,16,46,29.9,2.8,0.8,1.5,56.5,0.4,0.6,66.7,2.2,77.3,0.7,23.9,0.1,5.1,0.3,9.1,0.3,11.4
588,Wenyen Gabriel,LAL,25,8,17,14.3,1.0,0.3,0.6,53.3,0.1,0.1,100.0,0.8,73.1,0.3,26.9,0.1,7.7,0.1,7.7,0.0,3.8
589,Wes Iwundu,ATL,3,2,1,27.4,2.3,0.7,1.0,66.7,0.7,0.7,100.0,2.0,85.7,1.0,42.9,0.0,0.0,0.0,0.0,0.3,14.3
590,Wesley Matthews,MIL,49,33,16,20.5,1.3,0.3,0.7,51.5,0.1,0.1,100.0,0.8,62.9,0.4,33.9,0.1,11.3,0.1,4.8,0.0,3.2
591,Will Barton,DEN,71,41,30,32.1,6.1,1.4,2.8,47.8,0.6,0.8,85.2,3.5,56.5,2.4,38.9,0.7,12.0,0.3,5.3,0.4,6.2
592,Willie Cauley-Stein,PHI,20,12,8,9.1,0.3,0.1,0.2,33.3,0.0,0.0,0.0,0.1,40.0,0.1,40.0,0.0,0.0,0.0,0.0,0.0,0.0
593,Willy Hernangomez,NOP,50,22,28,16.8,0.2,0.1,0.1,42.9,0.0,0.0,50.0,0.2,72.7,0.0,18.2,0.0,0.0,0.0,0.0,0.0,9.1
594,Xavier Moon,LAC,10,7,3,13.7,1.6,0.3,1.2,25.0,0.0,0.0,0.0,0.6,37.5,0.4,25.0,0.0,0.0,0.0,0.0,0.0,0.0
595,Xavier Sneed,UTA,9,7,2,4.3,0.1,0.0,0.1,0.0,0.0,0.0,0.0,0.0,0.0,0.0,0.0,0.0,0.0,0.0,0.0,0.0,0.0
596,Xavier Tillman,MEM,53,35,18,13.2,0.6,0.1,0.2,38.5,0.2,0.3,68.8,0.4,66.7,0.2,24.2,0.0,0.0,0.1,12.1,0.2,24.2
597,Yuta Watanabe,TOR,38,21,17,11.7,1.1,0.2,0.5,45.0,0.1,0.2,62.5,0.6,53.5,0.3,30.2,0.1,4.7,0.1,7.0,0.1,9.3
598,Yves Pons,MEM,12,9,3,5.9,0.3,0.0,0.0,0.0,0.0,0.0,0.0,0.0,0.0,0.2,66.7,0.1,33.3,0.1,33.3,0.0,0.0
599,Zach Collins,SAS,28,14,14,17.9,0.4,0.1,0.1,100.0,0.0,0.0,0.0,0.1,36.4,0.2,45.5,0.1,27.3,0.1,36.4,0.0,0.0
600,Zach LaVine,CHI,67,37,30,34.7,9.9,2.5,4.9,50.8,2.1,2.4,87.1,7.4,75.3,2.7,27.8,0.7,6.8,0.6,6.2,1.2,12.3
601,Zavier Simpson,OKC,4,1,3,43.5,20.5,4.5,9.5,47.4,1.0,1.0,100.0,10.3,50.0,9.5,46.3,1.8,8.5,0.8,3.7,0.5,2.4
602,Zeke Nnaji,DEN,41,24,17,17.0,0.6,0.1,0.2,37.5,0.2,0.4,56.3,0.4,62.5,0.2,29.2,0.0,8.3,0.0,4.2,0.2,33.3
603,Ziaire Williams,MEM,61,40,21,21.7,1.2,0.3,0.7,45.2,0.1,0.1,83.3,0.7,56.6,0.4,31.6,0.1,10.5,0.1,5.3,0.0,3.9
604,Zylan Cheatham,UTA,1,0,1,5.2,0.0,0.0,0.0,0.0,0.0,0.0,0.0,0.0,0.0,0.0,0.0,0.0,0.0,0.0,0.0,0.0,0.0
